question_id,question_intent,gold_chunk_id,gold_doc_id,retrieved_chunk_ids_dense,rank_of_first_relevant_dense,retrieved_in_top_k_dense,retrieval_score_dense,retrieved_chunk_ids_sparse,rank_of_first_relevant_sparse,retrieved_in_top_k_sparse,retrieval_score_sparse,retrieved_chunk_ids_hybrid,rank_of_first_relevant_hybrid,retrieved_in_top_k_hybrid,delta_de_hy_rank,retrieved_chunk_ids_reranked,rank_of_first_relevant_reranked,retrieved_in_top_k_reranked,delta_hy_re_rank
0,status / scope,0,AERIS â€“ STEP 1 ARCHITECTURAL DECISION CASE STUDY.pdf,3|36|15|19|22|5|13|10|1|9|40|21|31|8|37|17|24|4|32|35|39|23|11|29|33|0|12|7|27|14|20|41|34|28|18|26|2|30|6|38|25|16,26,FALSE,0.802898792932007|0.793037043663901|0.7895200602843944|0.7846688047778039|0.7833542858143301|0.7828361582849321|0.7797708254070811|0.7778047488241032|0.7667923331161209|0.7657367791981987|0.7643998547971466|0.7627021999404445|0.7563628177778234|0.7525921356126413|0.7390277733095967|0.7330208363732307|0.6958407861200032|0.2586955071920817|0.24980921757520697|0.2204414496234078|0.21651598054001356|0.20748358637838915|0.20586008933592406|0.20582929276402454|0.204787933781468|0.20281198766510306|0.2010130457811632|0.19952797773542713|0.19921912591698077|0.19487774825994233|0.19297303259064683|0.18182133636100334|0.1356943350822912|0.10515516857811177|0.10503643157450433|0.10494607242351922|0.10454919594643827|0.10129758200345398|0.10047030738541195|0.09390628304576505|0.07206814936255906|0.06608629868560972,0|13|29|9|12|40|7|2|32|14|1|8|3|28|39|37|27|35|30|5|36|16|38|33|6|21|31|4|34|19|25|17|41|24|11|18|23,1,TRUE,22.595732011626335|9.75900873380602|9.466578276473223|9.32950049371121|8.603788823930403|8.543669093342814|8.424869321636937|7.457204028119504|7.126539416316344|6.578993393190853|5.6830398157004804|5.65225718853869|5.458623290210875|5.4567797905855135|5.256012177378719|5.143943134485561|4.839556491646823|4.20616561132396|3.9766534413591037|3.948284806775371|3.9039734554112013|3.868357122534316|3.5661862322732705|3.235128530826819|3.1852603768573795|3.092065749051556|3.0286423898093955|2.681159841155268|2.3720519679351173|1.7334785726911526|1.3089347914046168|1.2116397961291807|1.1196660969520165|0.787780317365655|0.6804310285328378|0.5509452632809687|0.3541901497740778,3|5|13|1|9|40|8|37|32|35|39|29|0|12|7|27|14|28|2|30|36|15|19|22|10|21|31|17|24|4,13,FALSE,13,13|9|3|40|1|8|0|36|5|37|19|21|31|17|24|7|29|12|32|14|4|39|35|2|27|33|28|11|23|41|6|34|30|38|16|18|25|10|15|20|22|26,7,FALSE,6
1,factual,1,AERIS â€“ STEP 1 ARCHITECTURAL DECISION CASE STUDY.pdf,3|15|5|22|19|36|10|9|31|1|13|8|37|40|21|17|24|27|32|4|35|23|39|14|12|0|7|20|29|11|34|41|33|38|26|18|28|2|30|6|25|16,10,FALSE,0.8074143572823648|0.7949725697253345|0.794832356915708|0.7839740705331464|0.7838590454380606|0.7827779010983266|0.7764286494453042|0.7735062003824696|0.7686534429990707|0.7645842544843999|0.7634259856867001|0.755088399482921|0.7519325472621513|0.751418045367237|0.7505920559456978|0.7230091071957719|0.7145992765305454|0.2724664133800449|0.24049777929430233|0.23916974471153668|0.22127865972746955|0.21883132985732381|0.21488562327647823|0.2124617947984491|0.20652340949834241|0.20520057973241895|0.20100777887312266|0.19113114716453858|0.18975924349820286|0.18487208042858366|0.183099233389462|0.16120426167223068|0.15169944671446184|0.13789528699626516|0.1076965294557577|0.10592586489796639|0.10326594901249095|0.10286097483109208|0.10035701852497408|0.09985412343870055|0.07204020988651547|0.06653184631597817,1|13|0|14|40|12|2|29|7|8|9|3|4|32|34|31|39|35|36|37|33|41|24|25|38|18|17|5|16|23,1,TRUE,17.294166143431774|7.765803880249816|7.4941683514957|5.387527089447363|4.693297919707245|4.170368567971025|3.866574038015838|3.834829122422551|3.6885081086602804|3.5813229576903267|2.8207886709283154|2.509062888420604|1.9607972902449773|1.8602484142905817|1.7340595817967817|1.6736052463292062|1.4412093723398813|1.4355213022167121|1.365881095981075|1.2103153693394983|1.129010967048147|1.1196660969520165|0.787780317365655|0.7142171935543146|0.5886637148162372|0.5509452632809687|0.5312087675963431|0.3782847900562539|0.36785794624627677|0.3541901497740778,3|36|9|31|1|13|8|37|40|32|4|35|39|14|12|0|7|29|34|2|15|5|22|19|10|21|17|24|27,5,FALSE,5,1|13|3|40|8|9|36|31|5|37|17|24|0|14|12|7|29|4|32|35|39|2|34|23|41|33|38|18|25|16|6|10|11|15|19|20|21|22|26|27|28|30,1,TRUE,4
2,factual,2,AERIS â€“ STEP 1 ARCHITECTURAL DECISION CASE STUDY.pdf,19|5|36|3|15|22|10|40|1|31|21|13|8|37|9|17|24|4|12|14|29|39|35|32|20|27|0|7|23|11|33|41|38|34|26|28|30|18|2|6|25|16,39,FALSE,0.6795730071283004|0.6730219189753628|0.6714396627203725|0.6658231405751995|0.6650429904413342|0.6567307639393664|0.6523528293126217|0.6445170350551941|0.6371888965939869|0.6307110853190466|0.6301129043942778|0.6294643676819505|0.6286368968579729|0.6246134286933317|0.6194401664543309|0.6060170838497949|0.5904624571343321|0.2828085673623943|0.2370524951958531|0.23646172875107732|0.23271434808138125|0.22929635327097148|0.2225111884648249|0.21612554417262006|0.21440120622211453|0.2072663321681287|0.2017073814240074|0.18730885278479112|0.1812320911925541|0.1806166987379093|0.1791644150159124|0.16503413937575082|0.1509178839585805|0.11009917632664636|0.09158308439294997|0.08885392234044681|0.08853283652904881|0.0871438166687299|0.08480512749485261|0.08106170242874965|0.0621278323897545|0.05881566794756971,2|3|30|1|5|36|37|38|35|11|31|10|7|14|8|6|9|4|32|12|39|33|40|28|13|29|24|16|23|34|0|17|25,1,TRUE,18.360929314969933|16.586905809273567|14.841495605151033|12.403506468454124|11.391563504796931|10.815721131087404|7.936112129406659|7.26237860095881|6.863590192884555|6.715846663408469|6.038792279235644|5.946881941641697|5.151953609319893|4.988904343170502|4.4789146889438785|4.245683356518837|4.237479290170894|4.064920787024105|3.7650905094052574|3.2604637676951866|3.191107351560152|3.0743342117720536|2.8723059021118384|2.6610240645458716|2.5407462885549075|2.3221710912986433|1.5118108042604437|1.4951754478746184|1.2728171251843345|1.0005530979129518|0.7790039096068406|0.7762782686760904|0.6784910267920797,5|36|3|10|1|31|8|37|9|4|12|14|35|32|7|11|38|30|2|6|19|15|22|40|21|13|17|24,19,FALSE,20,3|5|1|36|10|31|37|8|9|40|2|13|24|17|30|11|35|14|4|38|7|32|39|12|29|33|6|0|23|28|34|16|25|15|18|19|20|21|22|26|27|41,11,FALSE,8
3,decision,3,AERIS â€“ STEP 1 ARCHITECTURAL DECISION CASE STUDY.pdf,5|3|10|15|36|19|22|13|9|1|40|37|8|21|31|17|24|4|32|27|35|12|7|14|0|20|23|33|41|11|39|34|38|29|26|18|28|2|30|6|25|16,2,TRUE,0.7918786242877641|0.7896556984154474|0.7857374731444259|0.7850697702205754|0.782989622921754|0.7791352501481352|0.7696590464199807|0.7669441803921371|0.7645256977389857|0.7603224067099149|0.7595038126689531|0.7594251094540062|0.7456914511677747|0.7410566008508812|0.7398948661136308|0.717963093345794|0.6968100304200948|0.2638562364950073|0.24223890830879646|0.2389915642017262|0.22056628355213492|0.215545548757501|0.209589927494008|0.20805349569549816|0.20785231512502786|0.20559497608766278|0.20540817614692908|0.2048117535968123|0.19943869752652368|0.185253114337205|0.17715408392793291|0.13410569853948712|0.12300594715419085|0.11494373028308137|0.10533357875689354|0.10470996161409879|0.10409470420977454|0.10203894554681399|0.0995892378756067|0.09871012069273942|0.06990677897589037|0.06590664028686717,1|3|0|6|39|29|8|7|2|12|37|30|35|31|20|5|38|32|40|9|4|13|10|19|23|11|22|21|33|34|41|16|25,2,TRUE,17.795512777014157|14.82089872870845|11.842324353098643|11.512453763878705|10.059424978742614|9.513111355317651|8.585033684561195|8.243107257684086|8.158412502317214|6.86195662481575|6.651160214825355|5.576779209787184|5.304306231986528|5.125495613303803|5.008403890755987|4.789379298020608|4.751308311355544|4.625372057249994|4.548652373645686|4.151754856214101|4.091489004932585|3.271225900380292|2.5764507316366894|2.4249709967236015|2.3166168601964774|2.2853982280178737|1.9125051521525438|1.269084970836964|1.1431044008145579|1.1371630934114214|1.1196660969520165|0.8233919546559733|0.7236591463464723,5|3|9|1|40|37|8|31|32|35|12|7|0|20|39|38|29|2|30|6|10|15|36|19|22|13|21|17|24|4|27,2,TRUE,0,1|3|8|37|5|9|40|31|13|10|19|21|22|0|7|6|39|29|12|4|32|35|2|20|30|23|38|11|33|41|34|25|16|14|15|17|18|24|26|27|28|36,2,TRUE,0
4,rationale,4,AERIS â€“ STEP 1 ARCHITECTURAL DECISION CASE STUDY.pdf,36|17|40|21|22|5|3|10|31|24|19|15|8|9|13|1|37|23|30|35|7|4|14|29|27|11|20|39|12|34|0|18|26|33|6|32|41|28|25|16|2|38,22,FALSE,0.20797901264337684|0.20655154998776779|0.19863199324128689|0.19853495934923804|0.19802756207456493|0.1960926354423483|0.18615830213122542|0.1832110599763826|0.15856719587565726|0.1576526597984436|0.1567430592765047|0.15673342592880035|0.15257363714035235|0.13991842646477476|0.12372322669035721|0.12364772212089632|0.1223600670663323|0.03892839841359179|0.038496739598466896|0.03704233012984793|0.036663242571466435|0.036325058397373676|0.035532627305356834|0.035390153184629076|0.035220103108520494|0.03424280707620879|0.03238137880927047|0.03095239198630901|0.029099654845722713|0.028196887281095578|0.026760742638366246|0.02668522540211637|0.025491002808295908|0.025322153221493462|0.024684980914487904|0.024401896177520983|0.024323718276488483|0.024204260507760873|0.024027539161908293|0.01700568196347484|0.01654155965990696|0.016507570549372613,4|2|3|35|1|10|5|41|36|15|17|26|18|28|40|22|29|27|32|33|34|25|38|8|37|39|6|30|21|31|7|9,1,TRUE,15.321483261852133|14.302592498538276|11.977986503163692|8.767856408328452|7.046839664255084|6.433898604524305|5.534908818361994|5.459946393657387|5.017057546083086|4.744122604578939|4.304123550275751|4.266673191337014|4.076852497689753|4.035503966457342|3.924379070398099|3.8830511905614116|3.825145359739872|3.8184315861213856|3.6864420776989535|3.5239393608001692|3.5165321335791533|3.1553545317188574|2.3588243073539235|2.2919435523917797|1.935954159682969|1.9027063048568313|1.8148627959421195|1.7048101554554955|1.6652401792331502|1.6502269654195953|1.591393391504549|1.5600373944004116,36|17|40|22|5|3|10|15|1|35|4|29|27|18|26|33|32|41|28|2|21|31|24|19|8|9|13|37|23|30,11,FALSE,11,3|5|36|17|10|40|21|22|15|4|1|2|31|8|9|37|35|26|41|27|28|29|18|25|34|32|33|7|30|39|6|38|0|11|12|13|14|16|19|20|23|24,10,FALSE,1
5,rationale,5,AERIS â€“ STEP 1 ARCHITECTURAL DECISION CASE STUDY.pdf,36|15|3|19|40|13|1|22|5|9|10|8|31|21|17|37|24|27|4|32|12|7|23|30|35|11|14|20|29|0|41|34|33|39|38|18|26|2|28|6|25|16,9,FALSE,0.8408194069193586|0.8247810736420197|0.8242722901947395|0.8225001855693418|0.8193856101238727|0.8142418515798194|0.8122871368563007|0.8105209887355975|0.804734808765005|0.804325094987037|0.8013242641268824|0.7868031618927519|0.7856384959424011|0.7843856937533368|0.7766774174688517|0.7728450676341856|0.7605432737648842|0.26313213607487224|0.24161056649161228|0.23699917719748215|0.2141133012128883|0.21227728681578334|0.21166351129789607|0.2057271090985168|0.20018817585964233|0.19918178577206555|0.19656892818213426|0.18994270143884387|0.18794896809276548|0.18504250890569657|0.18413048415816313|0.17079844849910786|0.1680233017407752|0.16563977594052262|0.11580436963339928|0.1107013347737944|0.1105269938704848|0.10838273159068074|0.10704140681718151|0.10398780324129209|0.07519390412668336|0.06993025856988894,5|29|3|1|6|4|40|2|9|26|39|12|25|32|8|0|27|18|17|14|15|20|19|13|41|10|7|16|23|37,1,TRUE,18.180656622199574|7.238872594774756|4.916052386353891|4.707660701702217|4.622371420279271|4.257581922618186|3.7856339035045274|3.7748354118709093|3.6847637900862047|3.46714567917033|3.17846003903382|2.875099884914088|2.4880870222496094|2.408696426174894|2.3896428512751804|2.2353675785031304|2.201802569538025|2.1247263956857934|2.0187253222578767|1.8473873216086076|1.8148627959421195|1.2231055326264975|1.1985683824352875|1.172397843279387|1.1196660969520165|0.8817197841551299|0.8279562249975134|0.8233919546559733|0.792798749403994|0.7271823255600189,3|40|1|5|9|8|17|27|4|32|12|14|29|0|39|18|26|2|6|25|36|15|19|13|22|10|31|21|37|24,4,TRUE,5,5|1|3|40|9|8|15|19|13|17|10|37|29|4|27|32|12|39|6|0|14|2|7|23|20|26|41|18|25|16|11|21|22|24|28|30|31|33|34|35|36|38,1,TRUE,3
6,decision,6,AERIS â€“ STEP 1 ARCHITECTURAL DECISION CASE STUDY.pdf,36|3|15|19|22|10|1|5|40|21|9|8|13|37|31|17|24|27|4|32|39|23|35|7|12|11|20|33|29|41|34|0|14|26|18|2|30|28|38|6|25|16,40,FALSE,0.8159771381151075|0.8098044483041019|0.801312090236999|0.7874623415311389|0.7859788798246545|0.7847648454456415|0.7833543217227824|0.783094643664936|0.780455926963633|0.7759237147097607|0.7733867883368899|0.7709801604516873|0.7674153945643414|0.754781732728851|0.7543390236449847|0.7347567480350704|0.7149992671021117|0.2785510902056798|0.25847527846648|0.2270983885662521|0.224267107065394|0.22391168695617425|0.21812994237683603|0.21482349269593173|0.20935643931364514|0.20389457718062165|0.20021578413713467|0.18960050973421858|0.18660836360904798|0.18258203796663158|0.18243766181798848|0.18181299103706877|0.12880365860257928|0.10678587462471158|0.10628461577317723|0.10429074337044238|0.10287609594131025|0.10271819799311992|0.10125140634888281|0.10057881012549179|0.07285961602681443|0.06796918563419692,6|12|3|5|2|1|7|0|29|8|32|31|13|9|28|38|34|27|41|14|40|4|23|15|39|35|36|37|10|33|21|24|25|18|17|16,1,TRUE,13.015752855535254|9.631195422132016|9.111709560300008|8.454793269660842|7.663510069671587|7.039278702703568|6.34701043172347|5.999430192960913|4.938650628602719|4.685144463870496|4.495536970811168|4.362005858338059|4.278984048585735|3.94393033312275|3.2330473965274686|3.128009459904191|2.7346126797097337|2.6857341154723553|2.5627444341243564|2.246010067885469|2.0747623805969955|1.9607972902449773|1.8780082605665611|1.8148627959421195|1.4412093723398813|1.4355213022167121|1.365881095981075|1.2103153693394983|1.1364019357505541|1.129010967048147|1.1166268993802881|0.787780317365655|0.7142171935543146|0.5509452632809687|0.5312087675963431|0.36785794624627677,3|1|5|9|8|13|31|27|32|7|12|29|41|34|0|14|2|28|38|6|36|15|19|22|10|40|21|37|17|24|4,20,FALSE,20,3|5|1|8|13|9|31|15|36|40|10|21|6|37|17|24|12|7|2|0|32|27|29|4|23|34|41|39|35|28|33|38|14|18|25|16|11|19|20|22|26|30,13,FALSE,7
7,decision,7,AERIS â€“ STEP 1 ARCHITECTURAL DECISION CASE STUDY.pdf,36|3|15|5|22|10|13|1|19|40|37|21|9|8|31|24|17|7|4|35|27|32|29|20|0|12|41|11|14|39|23|38|26|18|33|30|2|28|6|25|34|16,18,FALSE,0.7735787850443049|0.7625948914120045|0.7596433446271128|0.7578584997334388|0.7446185424270068|0.7432712854179554|0.7350911422031055|0.7330131940935858|0.7309611909206329|0.7223821978910833|0.7176888992508407|0.7170156332203605|0.7151094166513199|0.7050415064495741|0.692620156907322|0.6864558662281574|0.6708958282976217|0.22162584043374275|0.21852328073456959|0.21565891649686894|0.21331777365265214|0.20661346445692777|0.20263027831335848|0.19760191215974712|0.19107748936762406|0.1710856026629058|0.1684144437631332|0.16815077795219674|0.16771643115990548|0.1643437630220014|0.13489178882255945|0.11361352220920368|0.1018166911025423|0.10078158292316826|0.10026538763011517|0.09971399285316593|0.09790753893588099|0.09749991462722112|0.09521040688570656|0.0689874803670624|0.06729235716395963|0.06638648867389874,7|9|12|8|2|31|10|0|3|29|36|1|14|6|39|13|30|40|37|11|38|28|4|16|32|34|19|35|15|33|41|24|25|18|17|5|23,1,TRUE,17.24445347052113|13.045186206819483|9.474441561289577|8.869636699960733|7.857253304343377|7.741783675789571|7.082491141861029|6.69269705962516|6.247327478327791|5.480972452672793|5.42688298962651|5.394051476944216|5.387527089447363|5.06544164486332|4.636522579819818|4.278984048585735|4.048599175672339|3.075315478509947|2.9697698983376855|2.876911118303163|2.410195938110433|2.2507485520809416|1.9607972902449773|1.8942562922930593|1.8602484142905817|1.7340595817967817|1.7334785726911526|1.4355213022167121|1.1297328895982868|1.129010967048147|1.1196660969520165|0.787780317365655|0.7142171935543146|0.5509452632809687|0.5312087675963431|0.3782847900562539|0.3541901497740778,36|3|10|13|1|40|37|9|8|31|7|29|0|12|11|14|39|30|2|6|15|5|22|19|21|24|17|4|35,11,FALSE,7,9|8|3|10|36|31|1|13|7|40|37|19|15|5|24|17|12|0|29|2|39|14|4|6|32|35|11|30|41|28|38|23|33|16|34|18|25|20|21|22|26|27,9,FALSE,2
8,rationale,8,AERIS â€“ STEP 1 ARCHITECTURAL DECISION CASE STUDY.pdf,36|3|5|15|22|10|13|1|31|9|19|40|21|8|37|24|17|27|23|32|35|33|4|14|7|12|20|39|0|41|29|11|34|26|18|38|2|28|30|6|25|16,14,FALSE,0.791046575304542|0.7798771923778683|0.770312663345081|0.7692024706514667|0.7564049125502668|0.7557071765858551|0.7528042362026788|0.7506520906181674|0.749727863680189|0.7454325856791078|0.7440043349499408|0.7378679966703675|0.7169837983532451|0.7134137086311204|0.7077108722447548|0.6871174778918903|0.6749824908019495|0.2542317662743787|0.2156958019405546|0.21276210579112778|0.2123841799446184|0.20867732565462377|0.20620956706042184|0.20607758760608422|0.2029890744922027|0.1987919190670892|0.19390741208851028|0.19135158395579557|0.1887701568962448|0.18095835822824965|0.15785791029277815|0.14857460947573564|0.11159461894674276|0.10389984124214362|0.10182213591790108|0.10153069629012329|0.09973094504834676|0.09936066343552241|0.09887299755527247|0.09734936093596627|0.0712817754611455|0.06604539181705842,8|7|9|1|10|12|2|5|6|0|31|36|3|13|29|40|37|27|18|38|30|16|33|26|39|17|28|25|19|4|32|11|35|15,1,TRUE,20.63282336731866|15.213689638138188|14.133290098550935|11.176781651291487|8.990682789408849|7.6877150456481935|6.303905987795614|5.999343176393858|5.854271724431305|5.591069345738481|5.443534616924675|5.198615500754952|4.892998019847853|4.526245204128915|4.320934814649653|4.169278309970208|3.8808719845114306|3.8184315861213856|3.799682125209118|3.2695904190010214|3.2304198505574058|3.109018870774964|2.6322165358591154|2.3703097637762616|2.148885063324271|2.0187253222578767|1.9460743351716172|1.764427875903137|1.6092341775055492|1.5691925718558675|1.5078115735516624|1.4384555591515815|1.1371630934114214|1.1297328895982868,36|3|5|10|13|1|31|9|40|8|37|27|7|12|0|29|18|38|2|6|15|22|19|21|24|17|23|32,10,FALSE,4,8|9|1|10|3|13|36|5|31|40|37|15|19|7|17|12|0|27|29|2|33|6|39|4|35|32|30|18|38|11|26|16|28|25|14|20|21|22|23|24|34|41,1,TRUE,9
9,scope/inventory,9,AERIS â€“ STEP 1 ARCHITECTURAL DECISION CASE STUDY.pdf,36|15|3|5|22|10|31|19|40|1|9|13|21|8|37|17|24|4|23|27|32|7|35|29|14|20|12|41|33|39|0|38|11|26|18|28|30|2|6|34|25|16,11,FALSE,0.7735469485799521|0.7721305425438282|0.7577493099666751|0.7567585509098277|0.744667826398736|0.7431843770163368|0.7414989440499145|0.7408755138716914|0.7380193082476735|0.7376521920403931|0.7349926122899995|0.731679790291244|0.712172063345306|0.7097497425782524|0.7084872574206482|0.6949015932655592|0.6477837376689775|0.2600351651295629|0.2274074829571022|0.21517211627455649|0.21448210995437894|0.21350398329329917|0.2124349745034385|0.20388606000910145|0.20308110372670052|0.19728210766948956|0.19714729240909806|0.19172304784204783|0.1876854102432076|0.17877634071128531|0.14973997501437883|0.13669696308604484|0.11387358230492722|0.10248437562825967|0.10063197731981643|0.09896635136674745|0.09825701053495327|0.09779358314929149|0.09522778337989364|0.08882568814067512|0.069360461256613|0.06523988816078587,9|8|1|14|2|29|0|12|7|3|30|36|13|6|38|5|32|31|40|28|37|27|4|21|17|11|33|10|18|16|39|34|35|25,1,TRUE,23.65309364929237|8.547548514284824|7.831849876832151|7.777685038332805|7.115202207481451|6.110550402165607|5.739653457210125|5.286290752521495|4.518741110190858|4.37007279808378|4.221513439749304|4.099979911577896|4.09203291065711|4.000013132432584|3.8882886291041316|3.570000016719117|3.529262829444205|3.5116304564194345|3.3513851023067343|3.206031238504572|2.8156814241820625|2.3587680141471026|2.289555122766158|2.2629940769483174|2.162639278093752|2.118886587684419|2.1061175637786715|1.8925583652918478|1.5600373944004116|0.7231765647161755|0.6853929406905893|0.6379923861383356|0.6379923861383356|0.5947175978503022,36|3|5|31|40|1|9|13|8|32|7|29|14|12|0|38|28|30|2|6|15|22|10|19|21|37|17|24|4|23|27,7,FALSE,4,9|8|1|3|36|13|5|31|40|10|37|21|17|14|29|12|7|4|0|32|27|2|33|38|35|30|39|6|28|11|18|34|25|16|15|19|20|22|23|24|26|41,1,TRUE,6
10,rationale,10,AERIS â€“ STEP 1 ARCHITECTURAL DECISION CASE STUDY.pdf,36|3|22|5|19|10|15|1|40|8|37|31|13|9|21|17|24|23|39|4|7|29|0|14|35|20|32|11|27|33|38|41|34|12|26|30|2|28|18|6|25|16,6,FALSE,0.7136405901238703|0.7054595320843626|0.6952074104137062|0.6828167759170078|0.6823739887454127|0.6811611180442776|0.6803897176397583|0.6761783938572977|0.6688054997054405|0.6669078214264303|0.6645230897207891|0.6643508743356504|0.6592608888826355|0.6583409770939588|0.6527698344049396|0.6478121746277608|0.6182902050188079|0.23061169646541937|0.22934115896018467|0.22827961802467958|0.22153259227569108|0.21214352799473915|0.20882099743662033|0.2045020624150997|0.1995518985953292|0.19742053967938|0.19458005153744248|0.1917643405043|0.1837022416031049|0.1765006022080559|0.139985436338436|0.13862126593156937|0.12357567035867804|0.11678729709137656|0.09406001057268462|0.09162969422856689|0.09134951737689193|0.09118978350750921|0.09054662493215301|0.08771580524288197|0.06650155491487707|0.06165818051185793,10|7|8|6|22|12|2|9|3|14|36|29|16|5|26|1|21|11|31|32|27|15|13|28|20|0|39|30|23|4|19|41|18|17|34|35|38|37,1,TRUE,11.692571681713943|11.27611040398235|9.861699965420891|8.322962232367836|6.774178617365601|6.50468844379221|6.054002500479799|6.043435413257738|5.117252464302413|4.988904343170502|3.8393132847254137|3.7860661143299925|3.751388186233882|3.743140065912447|3.732948872219246|3.68824012563344|3.519483095612839|3.1215807789089585|3.120819699474165|2.5188747122035533|2.504549347257508|2.4398130482292273|2.2534357779780034|2.243187915513639|2.2238349882090866|2.2161673033522797|2.1895325449702234|2.0242995878361696|1.8018802787380992|1.684785312447978|1.6092341775055492|1.44307833717234|1.3626391084429845|1.2946580222743842|1.0005530979129518|0.9391684593476167|0.910766111647098|0.8797272644990936,36|3|22|5|10|1|8|31|9|21|7|29|14|32|11|12|26|2|6|16|19|15|40|37|13|17|24|23|39|4,5,FALSE,1,10|8|9|22|3|36|5|1|21|15|31|7|13|19|17|37|6|12|14|29|2|39|23|11|4|27|20|0|32|26|16|35|28|41|30|38|18|34|24|25|33|40,1,TRUE,4
11,numeric / factual,11,AERIS â€“ STEP 1 ARCHITECTURAL DECISION CASE STUDY.pdf,5|22|15|3|36|9|10|19|31|1|13|8|21|40|37|24|17|4|39|14|12|7|27|20|11|0|32|34|41|23|35|29|38|33|26|18|28|30|2|6|25|16,25,FALSE,0.6535188351735751|0.6518080916135134|0.6495670528232745|0.6437595961919975|0.6413166219298054|0.6338206558816482|0.6314190981841116|0.629114588136794|0.6234462027218265|0.6162091982425391|0.6138736939830589|0.6098942890772117|0.609260821995032|0.6088810470588681|0.6083178435511982|0.602932796966782|0.5891226253159424|0.29693618380927767|0.24641578796373081|0.23628001740931265|0.2252342845000437|0.2215807134669446|0.21782563543194217|0.2115659378915388|0.20952814197871458|0.20443369999644084|0.19812147198015714|0.1340977127732548|0.13128203910864641|0.1253025061921596|0.11856476714441119|0.10369811512702866|0.10217379810012356|0.09726944417205945|0.08764460402415188|0.08665338496692408|0.08628738353789742|0.0848504413410694|0.08182223089394433|0.08022055951856945|0.059492237194346854|0.05632832093614847,39|11|19|14|20|31|2|30|9|1|6|3|12|36|8|7|10|28|32|5|13|33|38|37|0|29|16|40,2,TRUE,12.992116670670192|9.4633848607136|6.415038363007432|4.7755675776134545|4.610322520537746|2.8566158134124926|2.7923506185635385|2.7474761525523452|2.648067939722246|2.585684328007228|2.4308205605767172|2.232968848453098|2.205055625906345|2.200564203221602|2.1059616618524495|2.0280863026255362|1.8925583652918478|1.259956903332955|1.1851412219120825|1.0612057967154984|1.0297047961048953|1.0005042898567151|0.910766111647098|0.8797272644990936|0.7790039096068406|0.7522032350776429|0.7231765647161755|0.681830597522563,5|3|36|9|10|19|31|1|8|39|14|12|7|20|11|32|28|30|2|6|22|15|13|21|40|37|24|17|4,15,FALSE,10,19|39|9|31|3|36|1|10|8|5|37|13|11|40|14|20|12|7|32|0|30|2|6|38|33|28|29|16|4|15|17|18|21|22|23|24|25|26|27|34|35|41,13,FALSE,2
12,factual,12,AERIS â€“ STEP 1 ARCHITECTURAL DECISION CASE STUDY.pdf,36|3|5|22|19|10|15|9|31|37|8|1|24|40|21|17|13|27|35|7|23|32|4|0|14|12|20|11|39|38|41|34|33|29|26|18|30|2|28|6|25|16,26,FALSE,0.657825848732164|0.6561898502973936|0.6472840029984098|0.6440110198663276|0.6422005401901661|0.6380464357833567|0.636434056923258|0.6257876273413421|0.6121469467380678|0.6026745508029983|0.6023099620122112|0.6017632187589936|0.5948155846985025|0.5944701485526412|0.5932906413827426|0.5879357270971094|0.5817804478363813|0.26431836764663746|0.2474966221305695|0.24016979179246412|0.2278038876798514|0.226942352280591|0.22591366402096463|0.22476371156116065|0.2159278779049386|0.2150927360189086|0.21266013153650476|0.19961666534765632|0.19840977041404295|0.12534328488343666|0.12506349131833955|0.12449420112806735|0.11494060922992104|0.10502272937517568|0.08935042403770557|0.08468387645662279|0.08411957988371255|0.08404268091145545|0.08197005778101804|0.07902358230422298|0.056942679246969295|0.05592434872562267,12|11|30|33|2|10|1|39|8|0|22|40|31|7|21|34|29|13|32|36|6|9|5|4|27|38|35|28|20|19|14|17|25,1,TRUE,17.08802681915655|10.400945530077529|9.98532120063679|6.359349840484234|5.2997872128713155|5.121006451476333|4.724427426816431|4.1743643033191455|3.825572903069963|3.7109054618870667|3.492018704472552|3.237769172642734|3.151190529945418|3.123867306694357|3.0292116731503564|2.7757085774627086|2.606069134120582|2.4745415499013226|2.4475722197825904|2.4145670710265468|2.344403360256891|2.305571073035549|2.0173297678847484|2.004342931505724|1.8346183971730596|1.5889925650856453|1.5771608454859525|1.4010671612129166|1.2617661193764964|1.226402614288314|1.19146630374349|0.6804310285328378|0.5947175978503022,36|22|10|31|8|1|40|21|13|7|32|0|12|11|39|34|33|29|30|2|3|5|19|15|9|37|24|17|27|35,13,FALSE,13,10|12|1|31|36|5|22|8|21|9|40|19|13|17|11|30|0|7|27|39|32|35|33|2|4|14|20|29|34|6|38|28|25|3|15|16|18|23|24|26|37|41,2,TRUE,11
13,rhetorical / summary,13,AERIS â€“ STEP 1 ARCHITECTURAL DECISION CASE STUDY.pdf,5|19|3|15|22|36|9|10|40|31|1|21|8|13|37|17|24|4|23|39|14|35|0|12|27|7|20|29|11|32|38|34|41|33|26|28|18|30|2|6|25|16,14,FALSE,0.6447250150600878|0.6418615253716455|0.6406400470976146|0.6397912171746857|0.6373070429498217|0.630105930826352|0.6258623087040933|0.623513834924858|0.6189062140381837|0.6166914287396652|0.6154527756310354|0.608753747598407|0.6026403156218918|0.5969779449051044|0.5917784024343999|0.5841837742295443|0.5805590804725798|0.2881501142834305|0.23887204711246124|0.23471903600518426|0.23244031506346632|0.22374336385150775|0.21465593359889354|0.21362421578983992|0.20820159345723155|0.20756742723396915|0.20451221574134182|0.19744303251192544|0.17779386914844733|0.15269781140738292|0.14364946269023174|0.13250709466634772|0.12530264300135846|0.09842943882295792|0.08747547791338885|0.0859705492891588|0.08532414464912864|0.08451890448350242|0.083350835439677|0.07894088780019488|0.06001491878542867|0.05617045677119889,0|13|12|29|40|14|7|8|1|9|2|32|39|34|33|35|36|4|3|31|37|38|27|21|30|28|5|25|17|41|24|11|18|16|23,2,TRUE,10.875043171242254|10.240345430151137|9.31660257514121|9.16614612667098|7.626946216800114|6.578993393190853|6.358238966861337|6.152364660806822|5.725172633665236|5.126359743963865|4.49977924672315|4.370703627462886|4.011694967023719|3.372605065848069|3.2404049034798166|3.1398396498395034|2.900720902508528|2.681159841155268|2.509062888420604|2.328619889336148|2.2091521720710454|2.177656279901883|1.9825332363136026|1.902035700086896|1.6267384383214643|1.4010671612129166|1.3712604952979797|1.3089347914046168|1.2116397961291807|1.1196660969520165|0.787780317365655|0.6804310285328378|0.5509452632809687|0.36785794624627677|0.3541901497740778,3|36|9|40|31|1|8|13|4|39|14|35|0|12|7|29|32|34|33|2|5|19|15|22|10|21|37|17|24|23,8,FALSE,6,13|40|8|1|9|0|36|3|31|37|5|12|21|29|17|24|14|7|39|4|35|32|34|2|27|33|23|38|11|41|30|28|25|18|16|6|10|15|19|20|22|26,1,TRUE,7
14,definition,14,Google S2 Geometry â€” Executive & Technical Reference (Condensed).pdf,22|19|15|40|5|3|9|31|36|10|13|1|21|17|8|37|24|14|23|12|0|7|20|29|39|32|4|27|38|41|35|26|28|18|30|2|6|11|25|33|16|34,18,FALSE,0.5492893489862347|0.5382288107733635|0.5373346114324116|0.5360011318206562|0.5342409649383879|0.530294625235359|0.5228938351330912|0.5213982901338344|0.5206987827691267|0.5205641759951568|0.5101664833607088|0.5099684414723374|0.484810790333832|0.4752507080108007|0.4739212572699314|0.46679066784092743|0.4548412705729676|0.2510556076462906|0.2431345424962785|0.23906890272588865|0.23377016618045335|0.23174891894455904|0.22074070624483771|0.20461407319854155|0.2018499063452795|0.1917537037258083|0.19127035232702963|0.1627857656083736|0.15454853755448028|0.1410729248191943|0.11089228779197925|0.07358027846313557|0.071610694736504|0.06967307262595442|0.06906916398087624|0.0673038785337318|0.06446564525030611|0.06363010878669029|0.052166988833226624|0.05069075184830745|0.04510566570808978|0.036664439966952,14|5|1|2|40|28|7|21|23|12|32|33|16|8|18|20|13|9|15|26|19|6|31|36|3|0|29|27|30|4|39|11|17|34|35|38|25,1,TRUE,16.60225114312096|4.910226645898662|4.764573048602587|4.166378719954566|3.938358522771148|3.0770367506480456|2.7927180148827726|2.764879192990651|2.2691980098103794|2.183846287523333|2.1249018681430107|2.1061175637786715|2.0995080852284165|2.070934230848363|2.061348245071891|2.0444682364793247|1.9932048535562052|1.4815287492121527|1.4651794884414753|1.4566311569865849|1.3994761775043207|1.3703975809152598|1.3550371434801893|1.23628966825139|1.22574450292976|0.7790039096068406|0.7522032350776429|0.7421389975637424|0.7231765647161755|0.7203625509102908|0.6853929406905893|0.6804310285328378|0.6804310285328378|0.6379923861383356|0.6379923861383356|0.61869821010311|0.5947175978503022,15|40|5|9|13|1|21|8|14|23|12|7|20|32|26|28|18|2|33|16|22|19|3|31|36|10|17|37|24,9,FALSE,9,14|5|40|1|15|19|21|3|9|13|31|36|8|17|7|23|20|12|0|32|29|39|4|2|28|27|38|18|26|16|35|33|6|30|11|25|34|10|22|24|37|41,1,TRUE,8
15,mechanistic,15,Google S2 Geometry â€” Executive & Technical Reference (Condensed).pdf,15|22|5|3|19|36|9|10|1|13|8|40|24|31|21|37|17|4|23|35|7|12|14|20|32|0|29|39|27|38|41|34|33|28|26|18|30|2|6|11|25|16,1,TRUE,0.6101092254964713|0.6084201015381532|0.6072444992395529|0.6026726484282007|0.6021764495857598|0.5982300161566297|0.5948509688256092|0.5905440370626617|0.5755019381023911|0.5753588182538375|0.5676903453544347|0.5667274436976776|0.5664921164611144|0.5578620676414524|0.5572020921303338|0.5476919093995587|0.5273814329782072|0.24703917457845703|0.23857326705483622|0.23013001854952667|0.2299349878361019|0.2285048077247265|0.2272282532720982|0.21538365822371483|0.21101298552337475|0.19829994716908206|0.19532603556647016|0.17422060437653797|0.17154147887387147|0.15258269401205712|0.13435681105097777|0.12975551061376298|0.10945964598219053|0.08301229026598661|0.0816923767194485|0.07975864014285367|0.07860093865652464|0.07628791284151305|0.0734899260851871|0.06451326564408362|0.05464001805213079|0.05422876647301322,20|19|39|23|14|28|16|18|15|3|6|5|12|13|21|27|32|8|25|26|2|17|4|41|1|33|10|7|0|9|29|37|30|31|40|36,9,FALSE,7.796570017583782|7.679740327975948|6.093306314093119|4.863877037952473|4.81116349838236|4.776865874334677|4.774785827223265|3.9896838579570004|3.40150868442144|2.6213485800229606|2.608713633396544|2.4699729933321475|2.3940338218071036|2.2021026393842824|2.0528735418684154|1.9773122321446976|1.9696122302182812|1.926301427879956|1.8552299841797246|1.4566311569865849|1.342352114291763|1.2946580222743842|1.2383160524812842|1.1196660969520165|1.087600071633532|1.0005042898567151|0.8817197841551299|0.8279562249975134|0.7790039096068406|0.7653690266252517|0.7522032350776429|0.7271823255600189|0.7231765647161755|0.7000225004732477|0.681830597522563|0.6386766510738326,15|5|3|19|13|8|21|23|12|14|20|32|39|27|28|26|18|6|25|16|22|36|9|10|1|40|24|31|37|17|4|35,1,TRUE,0,19|15|3|5|20|13|21|8|10|9|1|36|17|40|31|37|39|23|14|28|16|12|18|32|4|27|7|0|29|6|41|26|25|33|2|30|11|22|24|34|35|38,2,TRUE,-1
16,mechanistic,16,Google S2 Geometry â€” Executive & Technical Reference (Condensed).pdf,5|3|15|19|22|9|10|36|40|24|8|1|31|13|21|17|37|4|23|14|12|29|20|32|7|0|39|38|27|41|34|35|33|28|26|18|30|2|6|11|25|16,42,FALSE,0.6002022811055908|0.5973319105685442|0.5929156100118332|0.5857747317913556|0.585542027162875|0.5744905838505077|0.5735287456560668|0.5723100425610452|0.5678973720069859|0.5625949490456625|0.5597314384961583|0.5579975944117936|0.5562907072702764|0.5553818195762703|0.5302615024911309|0.5150552244551831|0.5034202295245029|0.24624933847355263|0.23675447595587074|0.22086107842253744|0.22000976370527586|0.2161837815757868|0.21576055167150074|0.21395372438526147|0.2050395495576096|0.1973617862417349|0.18530187103188428|0.16023366796170194|0.14310671947456366|0.13048310038889682|0.12973183837787136|0.1154626858698836|0.10759363646715954|0.08001199145538647|0.07979611619961549|0.07725195909516264|0.07513103832605074|0.073599665847699|0.07247373940278294|0.06558840532057042|0.056285624829507275|0.05198270809241694,28|20|16|26|14|23|9|17|15|18|19|21|39|27|1|5|41|0|2|12|22|11|30|31,3,TRUE,7.896521746975866|7.683651763192318|7.274997576254478|6.740740990221443|5.961142561105233|5.820753086016926|5.646824584790169|5.042846545027115|5.03472542626899|5.013398703963524|4.606995359008037|3.4076086869098097|3.0485103617517937|3.041849786879413|2.956610426058765|2.856045143941438|2.5082062076893314|1.9869028045359287|1.875528998631787|1.8343988574228691|1.6827515471154926|1.0671089315586404|1.0612262852296992|1.0272488269112927,5|15|19|9|1|21|17|23|14|12|20|0|39|27|41|28|26|18|2|16|3|22|10|36|40|24|8|31|13|37|4,20,FALSE,22,15|9|19|17|21|20|5|1|22|23|14|31|28|16|26|18|39|27|12|0|41|2|30|11|3|4|6|7|8|10|13|24|25|29|32|33|34|35|36|37|38|40,14,FALSE,6
17,factual,17,Google S2 Geometry â€” Executive & Technical Reference (Condensed).pdf,3|5|22|15|19|10|36|9|40|1|8|31|21|13|17|37|24|4|14|35|12|39|7|0|20|11|27|38|32|41|23|29|33|28|26|30|34|18|2|6|25|16,15,FALSE,0.639996008137183|0.6346945701676661|0.6253042912176835|0.622856337818859|0.618658136403146|0.6084432108120748|0.6080137199223116|0.6020876761585493|0.6012269069356954|0.5959936521398111|0.5912355407517106|0.5911739074856373|0.5887940868163386|0.5844836582800423|0.5764825859254269|0.5677640319470243|0.560760206962321|0.3033494930518696|0.23102256665029386|0.22570602967287054|0.22503847869390356|0.22366985642899734|0.22070914253819518|0.2105339738873336|0.20409169075820285|0.20160814129589386|0.15383858445210882|0.15058231677369743|0.14971164123122235|0.13074103581736515|0.12424055219925208|0.10343080484353401|0.10214003508187687|0.085253199311971|0.08449953591834992|0.08305035320038145|0.08273429037251817|0.08259639375955803|0.08239219160637548|0.07775108416103191|0.05629248866160162|0.055168552106491076,14|27|18|26|23|28|20|17|21|16|15|11|31|1|5|30|32|25|22|19|9|35|36,8,FALSE,11.158448196464152|8.622849803346178|8.594756256635902|8.5947562566359|7.753757347058657|7.278414771356736|7.16195419274613|6.229818134764287|5.950426031339029|5.071497528064723|5.03472542626899|4.165330156931955|3.4223627471765825|2.956610426058765|2.856045143941438|2.7660364406851947|1.9114236590479479|1.801110282551722|1.6827515471154926|1.3994761775043207|1.3626391084429845|1.2976429115734713|1.2155134018109486,5|22|15|19|1|31|21|17|14|20|11|27|32|23|28|26|30|18|25|16|3|10|36|9|40|8|13|37|24|4|35,8,FALSE,7,17|21|15|14|31|5|1|9|19|22|36|27|20|23|26|18|28|11|16|35|30|32|25|0|2|3|4|6|7|8|10|12|13|24|29|33|34|37|38|39|40|41,1,TRUE,7
18,mechanistic,18,Google S2 Geometry â€” Executive & Technical Reference (Condensed).pdf,36|22|19|15|3|9|5|13|10|37|1|21|8|40|31|24|17|4|23|14|27|29|7|12|20|41|32|39|38|35|34|33|11|0|26|18|30|28|2|6|25|16,36,FALSE,0.706697914660814|0.7011467741274674|0.7007020781794168|0.6942973508157047|0.6890513776728693|0.6889994574268841|0.682739914042866|0.6779774880628067|0.6773336692260414|0.6761217759640443|0.6749549915166646|0.666760688377857|0.6543178133169756|0.6541256052636035|0.6423988846428158|0.6358906482420149|0.6237631535756177|0.26773919937791624|0.22508712128368052|0.21829751242179649|0.20977827530065704|0.20730110186396383|0.20333947691355042|0.20130918436124115|0.20013116297452915|0.19348655966235345|0.19194964685304255|0.14493798214289522|0.14167164003992108|0.12259630179443866|0.11746477637055965|0.11360946452741262|0.10863437358077571|0.10627179216113611|0.09468477684608947|0.09324028984788905|0.09088088079701817|0.0894707294365077|0.08882729490481261|0.08660402052886268|0.06430379294929216|0.06110605405434884,18|17|15|23|26|25|14|11|16|28|21|5|27|22|7|2|20|0|41|33|12|4|1|35|40|38|36|31|29|19|3|30|8|13|32|9|34,1,TRUE,13.031322201706475|8.676969539766082|8.236964318757792|7.504885101588138|6.513188186605563|6.3162715820290565|6.256262344401808|6.192879233877038|5.680052478130888|5.25658555597169|5.0678360866874534|4.674016569399802|4.57372140633299|4.131017921756072|3.6135855412648543|3.6113187705000294|3.1546555147143582|3.1457710921150954|3.054628894041448|2.568942177411743|2.504981610919448|2.364031844021445|2.185542039351766|2.0937156091309324|2.0937156091309324|2.0303974278987305|1.9612016216337413|1.6822634699182344|1.4315743523505282|1.3994761775043207|1.3916752839426638|1.0612262852296992|1.001073846895495|0.9635000574513101|0.9397606462309283|0.716159722586901|0.6379923861383356,22|15|5|21|17|23|14|27|7|20|41|33|11|0|26|18|28|2|25|16|36|19|3|9|13|10|37|1|8|40|31|24|4,16,FALSE,20,15|17|21|5|22|36|1|19|3|31|40|9|13|18|8|23|14|27|11|26|4|20|7|16|25|28|41|12|29|2|0|32|38|33|35|30|34|6|10|24|37|39,14,FALSE,2
19,comparative,19,Google S2 Geometry â€” Executive & Technical Reference (Condensed).pdf,3|36|15|10|19|5|22|40|31|1|9|37|21|13|8|17|24|4|7|39|12|20|35|41|27|0|29|11|23|33|32|38|14|34|26|18|28|30|2|6|25|16,5,FALSE,0.6923396432533361|0.68431487427835|0.6785055632701927|0.6769911056916944|0.6748308881149319|0.6729885073590846|0.6648750213100438|0.6557527386159328|0.6507892609383897|0.6483091860502822|0.6415845477155002|0.6411817145250333|0.6376712684860479|0.6356559090364183|0.635160704512196|0.627864490306676|0.5997674571564401|0.2928744463231966|0.2206712153610515|0.21522111563084417|0.21483989415262106|0.2093917075444912|0.20563895287949155|0.19901513869918358|0.1965983916874093|0.19418620066419537|0.19229405525848872|0.18861813409710718|0.17746845793500685|0.173870830062769|0.14044941407241693|0.14008855252148694|0.1231362534193028|0.11791727761573026|0.0909880840006025|0.08986255610147946|0.08698049720997823|0.08677618663296649|0.08576331068459848|0.0817832087102354|0.0603508079512335|0.05881625975905389,19|39|21|1|14|28|22|20|5|8|23|29|40|18|16|33|15|6|13|0|9|12|34|36|7|26|2|4|27|3|32|11|38|30|31,1,TRUE,16.631946493334226|7.973038789575803|7.5855724535157005|6.987852393936979|6.533497861499192|5.971272331309141|5.795556342713955|5.611395616124694|3.9172509406569365|3.894359440127336|3.8520104762793412|3.4985539652710056|3.2816073840269615|3.2583213145880126|3.2304956773018025|3.1493893531809865|2.6691770696136357|2.654377961510693|2.5407462885549075|2.494138945178271|2.3547803770739|2.269805660120178|2.1377161913243734|1.5759034404237284|1.5324739151898081|1.4566311569865849|1.342352114291763|1.2839803805954333|1.2403942387498603|1.22574450292976|1.1851412219120825|1.1372569430112482|0.9702943549825354|0.7231765647161755|0.7000225004732477,15|19|5|22|40|1|21|13|8|39|20|0|29|23|33|14|18|28|6|16|3|36|10|31|9|37|17|24|4|7,2,TRUE,3,19|21|1|22|15|5|40|8|36|3|9|13|31|39|20|14|4|29|23|28|0|12|33|7|27|11|18|16|34|32|38|6|26|2|30|10|17|24|25|35|37|41,1,TRUE,1
20,definition,20,Google S2 Geometry â€” Executive & Technical Reference (Condensed).pdf,19|22|36|3|15|5|10|9|1|8|21|37|13|40|31|24|17|4|14|35|23|7|29|20|32|12|11|0|27|39|38|41|34|26|18|28|30|2|6|25|16|33,24,FALSE,0.676889246304025|0.6646678374771289|0.6642504975284765|0.6638629966489205|0.6560762664405331|0.655275857212711|0.6492505645888018|0.6435414750268916|0.633744524859711|0.6272220715649129|0.6246760591635144|0.6207234337870087|0.6204887143124297|0.6171912826028165|0.6127655126569916|0.5995549900989371|0.5885743493629991|0.28005670586261433|0.22527418495660553|0.2246883280938178|0.2227921295283985|0.21752791088931905|0.20938539794351582|0.20691719657637195|0.20239886766137|0.19892359266365628|0.19398622580262145|0.19056643819734337|0.18820344042310283|0.18594137444661835|0.13966703752112505|0.11817375619820808|0.11752795567148067|0.09079066392454385|0.08640797204996961|0.08637851706180139|0.08536861117015261|0.08479782860064473|0.08104432069246573|0.060606807925302326|0.05824085701409993|0.05005818036957558,20|14|19|41|39|1|7|3|2|4|21|30|23|5|16|18|10|8|28|32|15|26|6|12|13|0|9|29|34|37|25,1,TRUE,12.637519639128191|11.014802799253351|9.370217181772949|5.070950641813687|4.1876611902775025|3.9037313328574035|3.7498010897839187|3.4756541909161927|3.4203003130624854|3.201898329153507|3.1695004412487036|3.10699137796287|3.0619967592143733|2.5000736821955454|2.199723475168214|2.061348245071891|2.0181217199056842|1.9602625501072568|1.8170798473150906|1.7955341469580897|1.4651794884414753|1.4566311569865849|1.2383160524812842|1.1796363034757673|1.172397843279387|1.1431501869753395|1.1231416621944348|1.1038215061801686|1.0005530979129518|0.7271823255600189|0.7236591463464723,19|3|5|10|1|8|21|4|14|23|7|20|32|39|41|18|28|30|2|16|22|36|15|9|37|13|40|31|24|17|35,12,FALSE,12,19|20|3|1|21|14|5|15|10|8|9|13|37|4|39|23|7|41|32|29|12|0|2|30|18|28|26|16|34|6|25|11|17|22|24|27|31|33|35|36|38|40,2,TRUE,10
21,definition,21,Google S2 Geometry â€” Executive & Technical Reference (Condensed).pdf,5|19|3|36|22|40|15|9|31|10|13|8|37|1|21|24|17|4|23|7|12|0|14|20|35|29|27|32|38|34|41|39|33|26|30|28|18|2|6|11|25|16,15,FALSE,0.587578130948099|0.5730928304901505|0.5727744152435702|0.5690268452122292|0.5624353598961366|0.5613705877208092|0.5584991907554696|0.5377752870780564|0.5360944521881549|0.5343244588022814|0.528516145837696|0.5265539205647892|0.52604910144093|0.5238751025024205|0.5109632811990953|0.5096217426298135|0.4919401543353916|0.3237533033127755|0.23698612932069735|0.23579087160276474|0.23343051042313825|0.2329262120238717|0.21701383800465385|0.21044120636844724|0.20965827524962044|0.20522672321106675|0.18805135679941276|0.16246970088809914|0.15032204530990828|0.1373531400928806|0.13684327812993202|0.13678215536207755|0.10104646615049744|0.07921114639667402|0.07645629335050505|0.07598451566340415|0.07430188460457753|0.07195472832267953|0.06970820282079745|0.06337934677257563|0.051985907281863517|0.050157885444493504,21|14|28|40|38|9|5|36|23|29|33|12|7|8|13|27|18|20|37|1|11|17|34|25|4|41|15|26|19|16|35|22|39|32|0|2|31,1,TRUE,8.802708996826894|8.603750356489623|6.183440617421466|4.860029809373446|4.653666481337378|3.865608467435961|3.6416430011130574|3.5184367999342814|3.3496072600331814|3.1031696635690924|2.843058388176563|2.7926233318445637|2.6472862483011266|2.571041703116495|2.4745415499013226|2.3587680141471026|2.061348245071891|2.0444682364793247|1.935954159682969|1.8500954405085777|1.795243361644156|1.795243361644156|1.6385454840512874|1.6049793740665583|1.542197197465868|1.527314447020724|1.4651794884414753|1.4566311569865849|1.3994761775043207|1.376331520512241|1.365853997634634|1.2241331873202896|1.0057806625097134|0.9397606462309283|0.8315951837136325|0.7849809656601362|0.6550146430069418,5|36|40|9|13|8|37|1|21|23|7|12|14|20|29|27|38|33|28|18|19|3|22|15|31|10|24|17|4,9,FALSE,6,21|40|5|36|9|14|19|15|8|13|37|1|17|22|31|23|28|4|38|12|7|29|20|27|35|0|33|34|41|32|18|39|26|11|16|25|2|3|6|10|24|30,1,TRUE,8
22,rhetorical / summary,22,Google S2 Geometry â€” Executive & Technical Reference (Condensed).pdf,19|15|22|5|40|3|31|1|10|8|9|36|13|24|21|37|17|4|14|12|0|23|29|35|7|20|39|32|38|27|41|34|33|28|26|2|18|30|6|11|25|16,3,TRUE,0.5801891897449358|0.5751745795624215|0.5687533716399674|0.5680039287653568|0.5664110132235036|0.5658010645430589|0.5506208543770464|0.547563646670969|0.5471727525026345|0.5462956984509665|0.5446850029941367|0.5415273690710465|0.540928326635517|0.5192453465123186|0.5186801616438959|0.5095641620823378|0.5083645680025992|0.24957444454935795|0.23933849516706648|0.2259051229006157|0.2231731295677044|0.22265279935203194|0.21795591182926521|0.21623706505731674|0.21465096038054912|0.21011826216364654|0.20194871577810428|0.15580124618878033|0.15532514003213502|0.15152260695296602|0.1325650995392677|0.11165785605045629|0.10341206297007145|0.07752231268679527|0.0766931171829443|0.0760448691095823|0.07392132249288907|0.07370163614628092|0.06930234063020904|0.06637032576193236|0.05419456235631411|0.050926057024534975,14|21|28|39|40|17|15|29|12|7|8|32|13|9|23|33|18|20|27|6|2|1|35|34|30|38|36|26|19|16|0|37|5|4|11|31|25,,FALSE,13.612118834382155|12.789781199207718|5.653333831462227|4.318627214094397|3.6593668844508542|3.4731490434156105|3.428761765113698|3.243139912033469|3.149643895198861|2.6697308582010564|2.571041703116495|2.510455213172304|2.4745415499013226|2.305571073035549|2.2691980098103794|2.1113939364316696|2.061348245071891|2.0444682364793247|1.9825332363136026|1.9635822766722226|1.9229509335931967|1.8500954405085777|1.7043183476227914|1.6385454840512874|1.6267384383214643|1.5889925650856453|1.534839806527453|1.4566311569865849|1.3994761775043207|1.376331520512241|1.2182968847832851|0.9988368027315467|0.9929757052417257|0.7203625509102908|0.6804310285328378|0.6550146430069418|0.5947175978503022,15|40|8|9|13|21|17|14|12|23|29|7|20|39|32|27|33|28|18|6|19|22|5|3|31|1|10|36|24|37|4,22,FALSE,-19,21|14|15|40|19|17|8|13|9|1|5|36|31|37|39|12|29|23|28|20|7|4|35|0|32|27|38|33|34|18|6|26|2|30|16|11|25|3|10|22|24|41,40,FALSE,-18
23,definition,23,S2 Resolution by Level â€” Authoritative Reference.pdf,3|22|15|5|10|9|36|19|8|40|1|21|31|37|13|17|24|4|27|12|23|35|0|14|20|39|29|32|38|41|34|7|11|33|26|18|28|30|2|6|25|16,21,FALSE,0.6640799445405556|0.650846126814813|0.6486198151632738|0.6458259370995914|0.6407407190535815|0.6375216836412482|0.6335499122745559|0.6333437905819232|0.6329853685288472|0.6191002076382479|0.6120587665209469|0.6110580274618074|0.6017724982459018|0.6011315977390465|0.6007610847695726|0.5996054330264055|0.5924347148109872|0.2813269252132527|0.24531971725077267|0.2219045826453899|0.21984043627353955|0.21748734942904843|0.20799070401590197|0.20737962909779642|0.20032528668805652|0.19661030015248018|0.19589557044473688|0.14868788818855136|0.14562606091385571|0.1298813610713818|0.12825208369110006|0.11977952453974475|0.10740441227817975|0.09626018323589786|0.08834990365559628|0.0876585439153891|0.08566056131554081|0.08461053791797529|0.08373906401250103|0.08190575749537748|0.06086901830026817|0.05781919719957195,23|14|18|2|21|28|20|26|16|27|7|12|30|15|3|1|6|22|29|5|32|39|40|17|19|0|11|35|31|37,1,TRUE,11.851274823365603|8.562263115469008|3.6507595955205394|3.532185111098746|3.242903590833076|3.2181470085280073|3.1546555147143582|3.0460425074352333|2.9027298665590235|2.870174077981083|2.7286503345157973|2.6987308361635276|2.6879647235511634|2.594912378039762|2.2945312194882432|1.684785312447978|1.684785312447978|1.6827515471154926|1.6731720558124688|1.6274795176905277|1.5706945669413759|1.564704932174124|1.5587608052195414|1.5324739151898081|1.3994761775043207|1.2182968847832851|1.0671089315586404|1.0663259614844558|1.0272488269112927|0.9988368027315467,3|22|15|5|1|21|27|12|23|14|20|29|7|26|18|28|30|2|6|16|10|9|36|19|8|40|31|37|13|17|24|4,9,FALSE,12,23|3|15|21|5|1|22|19|17|40|31|37|14|27|12|20|18|29|39|35|7|2|0|28|26|30|32|16|6|11|4|8|9|10|13|24|25|33|34|36|38|41,1,TRUE,8
24,numeric / factual,24,S2 Resolution by Level â€” Authoritative Reference.pdf,15|19|22|5|3|10|9|36|1|13|21|31|40|8|24|37|17|4|12|35|14|7|0|32|20|39|29|27|38|41|23|11|34|33|28|26|18|30|2|6|25|16,15,FALSE,0.6392592262077023|0.623494670062313|0.622321280290206|0.6217497370882322|0.6197802798915941|0.6093993874728888|0.6004252145092012|0.5968405244264589|0.5944792124649586|0.5931242208580593|0.5888105252535423|0.5853463679501202|0.5835225877265949|0.5805768681669378|0.5623160237569409|0.5601029700671908|0.5525002388627248|0.2916458751840057|0.23089750667842046|0.22788734757715154|0.2246204955451669|0.21742122153079912|0.21641516947958905|0.21620356105611105|0.2052869450009907|0.20382549644680764|0.19208439882306488|0.1700872590000161|0.15132719796923355|0.13418302559663747|0.12426150877852211|0.1111074353750543|0.1080030199876836|0.0964851274167747|0.08708047345228055|0.08445244032468335|0.08367286643486266|0.08254710631186139|0.0803010437359091|0.0754146641721958|0.05750051384612557|0.05454875796722082,23|28|14|26|16|20|21|27|17|15|18|40|9|29|39|38|37|30|25|32|5|34|12|2|36|11|35|22|31|19|24|0|7|33|8|13|1|4,31,FALSE,10.42836041835676|10.316545227873819|9.753729419212497|8.23892966526913|7.737346319675176|7.034127191611929|6.974884566229855|6.641012039776376|6.181688955008802|5.03472542626899|5.013398703963524|4.228315310003713|3.638836225430297|3.206373863160561|3.0646386805339727|2.9775225174570332|2.9347909624145156|2.6879647235511634|2.531320153693408|2.510455213172304|2.508794220003619|2.130130199606328|2.0942357534100196|1.9229509335931967|1.899415708356294|1.747539960091478|1.7043183476227914|1.6827515471154926|1.6822634699182344|1.3994761775043207|1.2850814939911979|1.2182968847832851|1.1372569430112482|1.1056132739219564|1.001073846895495|0.9635000574513101|0.7203625509102908|0.7203625509102908,15|9|21|40|37|17|14|32|20|39|29|27|38|23|28|26|18|30|25|16|19|22|5|3|10|36|1|13|31|8|24|4|12|35,31,FALSE,-16,21|15|17|9|40|5|14|23|37|19|31|36|22|24|28|13|1|8|20|26|27|16|39|18|29|32|12|4|35|38|0|7|34|30|11|25|2|33|3|6|10|41,14,FALSE,17
25,numeric / factual,25,S2 Resolution by Level â€” Authoritative Reference.pdf,3|22|19|5|36|10|15|13|31|21|9|40|1|8|24|37|17|23|7|32|14|35|29|20|0|4|38|34|27|12|33|39|26|28|18|2|30|6|41|11|25|16,41,FALSE,0.5695259449425686|0.5662095771378913|0.5598857192067868|0.5593256887212137|0.5580804465507522|0.5465105208018828|0.5462863009877431|0.5454882231351912|0.5451082813304726|0.5345427223093943|0.533769031337803|0.5293753597590016|0.5250379366519644|0.5215320992527989|0.5081897420143471|0.5065348972807939|0.5059812510392824|0.2395981561845612|0.23828947067422715|0.23543081597631627|0.2228477846497972|0.21786328786847775|0.21350221207640097|0.21280570805455534|0.20628975923803491|0.2001128446891124|0.16387145810559145|0.1285531147589685|0.12482537439739361|0.11050827907134629|0.10595217333662882|0.07694284498438629|0.07632741449158936|0.07623037858621132|0.07558909851207318|0.0739807000434712|0.07272914200295466|0.07114780108567485|0.06713452954963883|0.06197837381644969|0.051167712179627574|0.04851046879571949,18|14|28|26|17|23|20|16|15|11|27|25|21|8|1|5|32|22|19|9|35|36|30|31,12,FALSE,8.802089235293334|8.562263115469007|7.278414771356736|6.470029860950108|6.426807420069332|5.820753086016926|5.378490502923444|5.071497528064723|5.03472542626899|4.66678441416378|4.5513214208904476|3.7377128383948275|3.4076086869098097|3.4075042308111976|2.956610426058765|2.856045143941438|1.9114236590479479|1.6827515471154926|1.3994761775043207|1.3626391084429845|1.2976429115734713|1.2155134018109486|1.0612262852296992|1.0272488269112927,22|19|5|15|21|9|1|8|17|23|32|14|20|27|26|28|18|11|25|16|3|36|10|13|31|40|24|37|7,19,FALSE,22,17|15|21|8|14|5|1|36|22|19|9|31|18|23|20|28|26|27|11|32|16|35|25|30|0|2|3|4|6|7|10|12|13|24|29|33|34|37|38|39|40|41,23,FALSE,-4
26,mechanistic,26,S2 Resolution by Level â€” Authoritative Reference.pdf,3|36|5|10|15|22|19|9|31|13|1|40|37|21|8|24|17|4|39|12|14|7|27|11|29|35|20|32|33|41|23|0|38|26|18|30|28|2|6|34|25|16,34,FALSE,0.6716631641481006|0.6702649876706783|0.664592875560801|0.6551814041879233|0.6515378161699857|0.6504490472182297|0.6457060854572175|0.639251249386584|0.6350401283292126|0.6297546762110575|0.626197662304623|0.6205130798977654|0.6153045415064797|0.6146598899161776|0.6124525211224322|0.6028098601777707|0.5984232461043504|0.2623337666558626|0.2489681147660505|0.23175726351881776|0.22826437561034696|0.2212476835047609|0.21195623415756015|0.21190202896844998|0.20815007319031167|0.20755256429313912|0.19994365953496063|0.1947479523302514|0.14098805125790811|0.13585207449647285|0.12570386824364357|0.10402256330678844|0.09756043008230722|0.08969198494506433|0.08612562298452905|0.08559284235032767|0.0851986340557341|0.08227764507099762|0.08063326713891822|0.06375745759654856|0.06250371092065789|0.057238562671900146,25|26|23|18|5|2|27|14|28|17|22|7|21|20|40|39|4|12|6|11|33|32|36|35|16|15|0|29|1|30|41|19|38|8|37|13|3|9|31|34,2,TRUE,11.485955976496369|8.81236548309496|8.436378279241412|7.977349313355132|7.1321408411455085|5.641688957534573|5.146876532569186|4.2282136092116005|3.9283552423823975|3.813968683902033|3.406536721534009|3.1345758939329587|3.0535141469352975|2.962600951028237|2.924614802854175|2.869127606019013|2.862100446286609|2.862002174273745|2.7850827372622167|2.6777499794545485|2.6690654321328475|2.510455213172304|2.494920721216598|2.4321799591190896|2.253973148290223|2.0698932091198055|2.0498920684969177|1.6731720558124688|1.65465962400508|1.6267384383214643|1.527314447020724|1.3994761775043207|1.3245478190009203|1.001073846895495|0.9988368027315467|0.9635000574513101|0.887425844235006|0.716159722586901|0.6550146430069418|0.6379923861383356,5|22|40|21|17|4|39|12|14|7|27|11|20|23|26|18|28|2|6|25|3|36|10|15|19|9|31|13|1|37|8|24,15,FALSE,19,5|36|22|15|17|40|21|19|3|1|13|9|31|37|8|25|23|26|18|14|27|39|4|7|20|12|11|2|35|32|28|29|33|6|41|0|16|30|38|34|10|24,18,FALSE,-3
27,rationale,27,S2 Resolution by Level â€” Authoritative Reference.pdf,36|22|3|15|10|5|1|9|37|19|13|21|40|8|31|17|24|32|27|39|23|12|29|7|14|4|20|11|33|41|35|0|38|30|18|26|28|2|6|25|34|16,19,FALSE,0.7693389263865729|0.7419487037974061|0.7407267817674368|0.7380951761858175|0.7354672745438835|0.7335961903880391|0.7328675623783538|0.7244029566449631|0.7193865218724087|0.716990693200764|0.7127146121302441|0.7038391131074523|0.7025494178162456|0.6977276665695799|0.6893090537994829|0.682544579527898|0.6616598254221815|0.25278028170872613|0.22827487143540093|0.2266536711353692|0.21284337704703868|0.21172944039584193|0.20690561144476816|0.19934314106464146|0.1991116766848938|0.19846217179685013|0.19583315339938823|0.19370213832645797|0.16001892758470684|0.14572566137745993|0.12657699300719216|0.10998167859001048|0.09949257461328526|0.09885072445596545|0.09885045626092828|0.09864920307759767|0.09603537168034715|0.09591673487919299|0.09287434641865683|0.06994084792155719|0.06596437449315475|0.06588808555624195,27|26|28|21|17|18|20|29|25|0|35|32|7|23|2|15|19|9|40|14|16|12|36|8|39|13|33|11|1|34|30|3|38|37|5|4|31,1,TRUE,12.20826822319439|10.022719919195115|9.367844402642461|9.293416872524809|7.66317347612519|7.005344906187254|6.830127660319613|6.502976475627969|5.551182412120882|4.559889807659805|4.494099072664255|4.421878872220252|4.261124249705605|4.071078288548478|3.9643077727729534|3.9049925366707026|3.8895003879802923|3.6682101814785337|3.6593668844508542|3.6148460133191223|3.5450991820179416|3.149643895198861|2.7503532083384017|2.571041703116495|2.5704855946838374|2.4745415499013226|2.1113939364316696|2.0643919035750553|1.8500954405085777|1.6385454840512874|1.6267384383214643|1.6002640608745624|1.5889925650856453|0.9988368027315467|0.9929757052417257|0.7203625509102908|0.6550146430069418,15|9|19|21|40|17|32|27|23|29|7|14|20|35|0|18|26|28|2|25|36|22|3|10|5|1|37|13|8|31|24|39,8,FALSE,11,21|17|15|9|19|36|40|27|3|13|1|8|5|37|31|26|28|20|29|18|32|23|7|35|14|25|12|0|39|11|2|16|33|4|30|38|34|6|10|22|24|41,8,FALSE,0
28,rhetorical / summary,28,S2 Resolution by Level â€” Authoritative Reference.pdf,22|36|19|3|15|5|10|1|37|40|21|13|9|31|8|17|24|4|7|23|32|0|35|14|29|11|12|20|27|39|41|38|34|33|26|30|28|18|2|6|25|16,37,FALSE,0.6998860440135328|0.6964955210254942|0.6957631576788167|0.6936327683816674|0.6932400507420268|0.6868394832265239|0.6786892993828705|0.6762282859750737|0.6685299284914609|0.663569986904137|0.6629868320323653|0.6606061164239724|0.6541233118495086|0.6490726106392182|0.6447088019982063|0.6393461331990642|0.5999466557874311|0.2297826597680126|0.21800357911166332|0.21025005709565903|0.2093462297348848|0.20652470146098578|0.2043274161309919|0.2037260650732611|0.20335373029586348|0.2032211496047314|0.19899460461055218|0.19744310018588157|0.19361321209776036|0.1886440354099477|0.18686699132172177|0.13786062341303285|0.11694565178248922|0.11459049135276035|0.09456256812375892|0.09218209823385203|0.09077139034656488|0.09070316771065313|0.09038461088369283|0.08619032639350584|0.06369014837208516|0.06026992771821939,28|14|21|27|12|15|40|23|6|2|18|7|39|29|20|19|0|26|38|37|16|30|32|5|9|17|36|11|3|35|22|31|33|8|13|1|4|34|25,1,TRUE,17.183588921301425|14.76209789710503|5.895712071957222|5.228942092128185|4.856331771407484|4.558494654711985|4.228315310003713|4.018872807278827|3.778445072614342|3.6564295062843493|3.6507595955205394|3.5991042699654088|3.312846551584683|3.206373863160561|3.1546555147143582|3.1329547501954735|3.0547139384228714|3.0460425074352333|2.9775225174570332|2.9347909624145156|2.9027298665590235|2.6879647235511634|2.510455213172304|2.508794220003619|2.2761971169873125|2.212904943722646|1.899415708356294|1.747539960091478|1.7238158988605117|1.7043183476227914|1.6827515471154926|1.6822634699182344|1.1056132739219564|1.001073846895495|0.9635000574513101|0.7203625509102908|0.7203625509102908|0.6379923861383356|0.5947175978503022,19|15|37|40|21|7|23|0|14|29|12|20|27|39|38|26|28|18|2|6|22|36|3|5|10|1|13|9|31|8|17|24|4,17,FALSE,20,15|21|19|40|3|5|37|36|17|22|31|28|9|14|1|13|8|27|12|23|7|0|20|29|39|11|32|35|4|18|6|2|38|26|30|16|33|34|25|10|24|41,12,FALSE,5
29,definition,29,Step 1 ATLAS Score.pdf,3|5|19|22|10|36|15|1|9|8|21|31|13|40|17|37|24|39|4|35|0|29|7|12|11|20|23|27|38|32|34|41|14|33|28|26|18|30|2|6|25|16,22,FALSE,0.6428554121372997|0.6316423893661701|0.6212380570609132|0.6203870876349327|0.6181562859208315|0.6142344048234726|0.6088338642908458|0.6005427765669794|0.5975032009281548|0.590506547812131|0.5887252051848902|0.5870478924479051|0.5867683488231211|0.5799188597905648|0.57787596942999|0.5733374768436201|0.5624589845807846|0.25887999557072716|0.25816359795130833|0.23591426536740945|0.2202843549649918|0.2163102138278572|0.21535673064169703|0.2151220426485071|0.2142859975545304|0.20812371891735154|0.19717589898762555|0.16350201791723243|0.15278230784829572|0.15267489271585277|0.13275962270120886|0.12709068621714006|0.12116023777398684|0.1096228967455529|0.08515487105848035|0.08372478273736991|0.08220111115891525|0.08170049661259628|0.08095917740924631|0.0788949521644364|0.055097738385255966|0.05425926527477351,29|14|40|41|32|35|1|2|0|12|37|27|9|39|7|21|5|38|8|34|36|30|13|3|31|33|28|25|17|10|4|24|11|18|16|23,1,TRUE,16.951388904003778|9.588589836651687|7.86183849582025|7.017536727783584|6.952461333056153|6.824701150434208|6.074855941165881|5.926144655567287|5.848978920529781|5.277604948175913|5.143943134485561|4.839556491646823|4.660090055709651|4.570619236688129|4.539476118676097|4.208692648431844|3.9783854956387694|3.5661862322732705|3.505541868823612|3.3726050658480693|3.265296804337369|3.2534768766429285|3.1436560489361405|2.4520090526129135|2.328619889336148|2.2346242409701036|1.9460743351716172|1.3089347914046168|1.2116397961291807|1.1364019357505541|1.1119672692994005|0.787780317365655|0.6804310285328378|0.5509452632809687|0.36785794624627677|0.3541901497740778,5|1|9|8|21|40|37|39|35|0|29|7|12|27|38|32|34|41|14|2|3|19|22|10|36|15|31|13|17|24|4,11,FALSE,11,1|40|29|9|37|5|36|8|3|13|21|31|10|17|24|35|14|39|0|12|41|32|7|27|4|34|38|2|11|23|33|30|28|18|25|16|6|15|19|20|22|26,3,TRUE,8
30,factual,30,Step 1 ATLAS Score.pdf,36|15|5|3|22|19|31|10|9|40|1|13|37|21|8|17|24|27|32|33|23|14|35|0|4|12|20|29|39|41|38|11|7|26|18|2|30|28|6|34|25|16,37,FALSE,0.7789983464600165|0.7726724674098358|0.7717558008389173|0.7692564673880833|0.7685304965944483|0.767089858553848|0.7518485731567933|0.7478217954323804|0.7425612821460924|0.7419530123621901|0.7407464944078382|0.7391868453632799|0.7250800969477611|0.7211062889971683|0.7205058385796621|0.691591665104129|0.648633041320136|0.26955652675495895|0.26131317507998597|0.21462501108187929|0.21118018019333404|0.20511663026656698|0.2050605299836791|0.20166213046917825|0.20024713294633006|0.19787005828733908|0.19605060273010524|0.1868195854456958|0.18388402463631115|0.18247666354586303|0.14087373732222472|0.1281320765298082|0.12382680443464045|0.1053396203201524|0.1020947538295494|0.1002824544310696|0.0995387627242039|0.09876651762974774|0.09706429300603796|0.08927559674036385|0.0687541667581317|0.06523614627434168,30|31|11|39|32|2|1|10|14|9|33|34|7|8|16|28|3|6|23|38|5|12|20|35|40|13|22|27|18|26|17|4|19|15|41|0|29|37|25|36,1,TRUE,13.912373335684807|8.526184919714456|8.03064030673333|7.464324231247581|7.43473869703077|6.925619395582456|6.880025827789895|6.314770348103758|6.138883405893375|5.28542210132405|4.929205667964233|4.616086605981582|4.278606520414211|3.265500572289533|3.0729668654189313|2.6610240645458716|2.6213485800229606|2.608713633396544|2.5424735468724413|2.535986361132137|2.4699729933321475|2.3940338218071036|2.333292810861531|2.3088369193483453|2.2891721288579387|2.2021026393842824|1.6827515471154926|1.6297798392312226|1.5894113504486482|1.5894113504486482|1.5324739151898081|1.2383160524812842|1.1985683824352875|1.1297328895982868|1.1196660969520165|0.7790039096068406|0.7522032350776429|0.7271823255600189|0.7236591463464723|0.6386766510738326,3|31|10|9|1|8|32|33|23|14|39|38|11|7|2|30|28|6|34|16|36|15|5|22|19|40|13|37|21|17|24|27,16,FALSE,21,31|1|10|9|3|5|8|15|40|13|19|22|36|17|30|37|32|11|14|39|33|2|27|23|35|20|34|7|12|4|38|28|0|41|16|29|6|26|18|25|21|24,15,FALSE,1
31,mechanistic,31,Step 1 ATLAS Score.pdf,5|19|15|3|22|10|36|9|1|8|40|31|24|21|37|13|17|23|27|7|12|14|20|32|35|4|39|41|38|34|33|11|0|29|26|28|18|30|2|6|25|16,12,FALSE,0.6514412412052584|0.6480500099705582|0.646013908390609|0.6409393206090368|0.6384968791386639|0.6356764335441957|0.632781008068954|0.6321850318567952|0.6181507766118459|0.6125102721989198|0.6103567977113955|0.6101553589294018|0.6020903660964888|0.5988397067912608|0.5965788578007923|0.5956647822913316|0.5783681280091717|0.2380016252446114|0.232026955633359|0.2293105365508357|0.22907326353844215|0.224995453385798|0.21462828879082468|0.20989007949334204|0.20549240244786132|0.1996970666415976|0.19161795310708216|0.1347646378141086|0.13274374139331682|0.12247919008350423|0.10831893998931237|0.10689606563738589|0.1040398697551761|0.10376437954117197|0.0881518385103349|0.08494825753487129|0.08456714565519165|0.08422886083822506|0.082243168510786|0.07876576869223055|0.058016684501234844|0.05756443816455004,12|9|8|31|1|7|39|2|30|36|32|3|10|40|0|13|29|14|6|5|34|33|19|16|41|20|11|38|37|35|21|25|28|17|15|4|24|27|18|23,4,TRUE,9.050590765432517|7.5928039775091705|7.181471386897062|6.9402275063305146|6.8336627327126305|6.252857722034104|6.1808933372919785|5.951665478597361|5.524798764124209|5.101285105730131|4.996213421085483|4.684977901066011|4.631603764838177|4.395138462170846|4.19138906057005|4.173360845041035|4.157652056332269|3.9778728388270785|3.5605534501750036|3.5237727775923746|3.372605065848069|3.235128530826819|3.207519181503716|2.6174328570092347|2.5627444341243564|2.305161260268873|2.118886587684419|2.1181280365664454|2.0900426338385922|2.073513688355048|1.8286325505025238|1.3089347914046168|1.259956903332955|1.2116397961291807|1.1297328895982868|1.1119672692994005|0.787780317365655|0.7421389975637424|0.5509452632809687|0.3541901497740778,5|3|10|36|9|1|8|40|31|13|7|12|14|32|39|0|29|30|2|6|19|15|22|24|21|37|17|23|27,9,FALSE,3,9|8|1|31|36|10|3|40|13|5|19|12|37|15|21|24|17|7|39|32|2|14|30|0|29|35|20|34|6|33|41|38|27|4|23|11|16|28|25|18|22|26,4,TRUE,5
32,procedural,32,Step 1 ATLAS Score.pdf,15|36|3|5|1|22|10|19|13|9|40|31|21|8|37|24|17|4|32|12|23|35|20|41|14|0|11|27|39|33|38|7|29|34|26|18|28|30|2|6|25|16,19,FALSE,0.7577281197748743|0.7549044767520474|0.7530259021935806|0.7527675625933302|0.740204529810335|0.7349393137134145|0.7324441454487823|0.7280961139634408|0.7274777888036863|0.7226092391134453|0.7180469541641235|0.7149577449465356|0.71077953953902|0.7068717287252034|0.7061997842838837|0.6820678890237075|0.6684101571147415|0.2584972295312017|0.2417237936334513|0.21479494504783836|0.20692472016800637|0.20182608926301704|0.19987485127186327|0.19490931057768904|0.19430678632713863|0.18618358894286582|0.1849106285641761|0.17946668993335296|0.16699349257806018|0.16106402790148638|0.13253856712697423|0.12227518374860588|0.11324968896055106|0.110067906886856|0.10078960852761575|0.09994008993718456|0.09953428594779411|0.0993192023514407|0.09871406145273033|0.0949419796585008|0.06945068590277985|0.06687319018296527,32|31|39|19|12|20|2|1|30|3|6|5|14|34|38|13|8|35|16|28|4|41|33|10|7|23|0|9|29|37|25|40|36,1,TRUE,14.08306519456528|9.38149222097491|4.873054130968092|4.406087563939003|4.390623933778428|3.5282667928953706|3.38370895347152|3.2247955576543497|3.1720205413447853|2.6213485800229606|2.608713633396544|2.4699729933321475|2.3877837888067273|2.3088369193483453|2.2390130359816935|2.2021026393842824|1.926301427879956|1.8928169517522637|1.5465685193721488|1.259956903332955|1.2383160524812842|1.1196660969520165|1.0005042898567151|0.8817197841551299|0.8279562249975134|0.792798749403994|0.7790039096068406|0.7653690266252517|0.7522032350776429|0.7271823255600189|0.7236591463464723|0.681830597522563|0.6386766510738326,3|5|1|19|13|31|8|32|12|35|20|14|39|38|34|28|30|2|6|16|15|36|22|10|9|40|21|37|24|17|4,8,FALSE,11,31|32|19|1|3|5|13|8|36|10|9|40|37|12|39|20|4|14|35|30|38|23|41|34|2|0|33|6|7|28|29|16|25|11|15|17|18|21|22|24|26|27,2,TRUE,6
33,procedural,33,Step 1 ATLAS Score.pdf,36|5|22|15|3|19|40|1|8|9|10|13|31|37|21|24|17|23|27|39|4|11|14|20|12|7|41|29|33|32|35|38|34|0|26|2|30|18|28|6|25|16,29,FALSE,0.7330853885862881|0.7241254139895122|0.7200592127874913|0.7160642381486026|0.7094565233222306|0.7062575087631776|0.7026996570953022|0.6999546617818796|0.6877286875876402|0.6864298046604591|0.6850657261629819|0.6805634321886662|0.6744180349197431|0.6731181849852313|0.670308840918782|0.6544968840799704|0.6507568777235887|0.23119246655939693|0.2280401251420313|0.22584293668996|0.21173170588525164|0.20610697367339592|0.20534390212052073|0.20273608573061144|0.20219347330200882|0.19597927913558574|0.19398453885079237|0.19218343699779736|0.15943565267104987|0.1428284492779776|0.13689224040263454|0.13186581566065914|0.12080818839692224|0.10571271530868451|0.09764746621104699|0.09397833665878721|0.09368029145407639|0.09343080994979307|0.09294624922495491|0.08882143038328741|0.0660298394132113|0.06382076907467056,32|14|39|8|34|19|1|20|33|3|38|6|40|35|12|5|4|13|21|22|7|37|9|31|2|28|36|0|29|27|16|30|11|17|25,9,FALSE,11.752482707168655|8.568154435720718|7.1506948143025255|6.732969661613029|6.702527938008352|4.43392179579203|3.621871629190218|3.5669273796453695|3.2492219645932297|3.0908190170013174|2.8577112460848033|2.654377961510693|2.45698607707232|2.377048005409508|2.183846287523333|2.054181501957224|2.004342931505724|1.9932048535562052|1.9810906219591997|1.9125051521525438|1.8547359332277653|1.6289885243973485|1.4815287492121527|1.3550371434801893|1.342352114291763|1.259956903332955|1.23628966825139|0.7790039096068406|0.7522032350776429|0.7421389975637424|0.7231765647161755|0.7231765647161755|0.6804310285328378|0.6804310285328378|0.5947175978503022,5|22|3|19|40|1|8|13|21|39|4|14|20|12|33|32|35|38|34|6|36|15|9|10|31|37|24|17|23|27,15,FALSE,14,8|19|3|1|5|40|36|37|13|32|21|9|22|31|17|14|39|34|20|7|33|4|12|38|35|27|11|29|6|2|28|0|30|16|25|10|15|18|23|24|26|41,21,FALSE,-6
34,procedural,34,Step 1 ATLAS Score.pdf,36|3|5|19|15|21|40|13|22|1|8|10|9|31|17|37|24|4|23|27|29|14|20|35|7|12|41|32|11|39|33|34|0|38|26|28|18|2|30|6|25|16,32,FALSE,0.7216642979233227|0.7107286472204671|0.7062399406521328|0.7058636287592911|0.7042028765696169|0.6999821929306107|0.6954656283481203|0.693149315579391|0.6917886865963377|0.6893439053692157|0.6773772257365132|0.6765514341430854|0.6743653763827758|0.674044206045614|0.6555897753586049|0.6555016144032806|0.6469785458881627|0.25403073014255306|0.2340758239017435|0.21777732672506905|0.21560870520376507|0.20823410691029143|0.20444105574208551|0.2031272475574796|0.19968808139904132|0.19956539734987488|0.19715598712688728|0.18799859635761862|0.18623538628799624|0.1800757518978777|0.1659043717400506|0.11839676637543163|0.10528129655033791|0.09880136178709142|0.09562995820681969|0.09335570720995123|0.0933099981844971|0.0928845538436767|0.09135027334698974|0.08833571752153864|0.06912471896915764|0.06260841231916106,34|35|39|36|14|37|33|40|6|32|19|30|20|3|12|31|29|38|2|0|8|5|13|11|27|21|1|9|41|4|17|28|25|7|16,1,TRUE,16.855508540336523|12.2985049348491|9.911823528542424|9.63594166230746|9.546283973907162|9.254347527249175|8.64383705762597|7.6198315718835365|6.986250805973365|6.682472694869312|6.415038363007432|4.83286050984994|4.610322520537746|4.597406028082803|4.278082040933352|4.080949366641583|3.601758164862474|3.3667515567220714|3.2653030478849594|3.2155976791734107|3.072008077743858|3.04715720719895|2.9567049110075154|2.84307030662659|2.724672233877345|2.6140413512091314|2.5283251734541135|2.1976884717990535|1.5379412632797227|1.4407251018205816|1.3608620570656755|1.259956903332955|1.1894351957006044|1.1372569430112482|0.7231765647161755,36|3|19|40|31|37|29|14|20|35|12|32|39|33|34|0|38|2|30|6|5|15|21|13|22|1|8|10|9|17|24|4|23|27,15,FALSE,17,36|37|40|3|19|31|5|13|21|8|1|34|9|35|17|14|39|33|32|6|29|20|12|11|27|4|41|30|7|0|38|2|28|25|16|10|15|18|22|23|24|26,12,FALSE,3
35,procedural,35,Step 1 ATLAS Score.pdf,3|19|5|15|36|10|31|40|9|8|22|21|13|1|24|17|37|4|35|23|20|32|7|29|39|27|14|12|38|0|41|34|26|28|18|30|2|6|33|11|25|16,19,FALSE,0.5612572666457974|0.5605317287531231|0.5528571665438636|0.5512322302705547|0.5492056384592474|0.5483819338862557|0.5458680991711402|0.5423755877512992|0.5385715833223905|0.5378868543775673|0.5348985464085779|0.5332888409890534|0.5286412381827376|0.5281252110147038|0.4953814539809348|0.48331091390502107|0.4805487401166991|0.33393673668294904|0.2455751693427508|0.24496744672359622|0.23421623421976256|0.22234552734587232|0.21726017985667062|0.20728595912813247|0.19682755595005358|0.18478998777016764|0.1479588619160388|0.14682449426218405|0.14680410186437595|0.10242057323075099|0.08683224851265571|0.08458697131694125|0.07431021175247632|0.07396333375222507|0.07353114531941057|0.07032647240730412|0.0696537159636808|0.06880429815733452|0.06392780485441067|0.06352638358080448|0.05441714378487002|0.049673719576727914,37|35|39|36|3|32|38|34|2|29|40|33|5|0|7|8|12|41|30|14|1|19|13|9|21|31|20|24|17|25|27|6|23|11|16|10|4|18,2,TRUE,12.6410233135162|12.625972896017162|11.725851344951172|10.200474935270982|8.874478359436615|8.211227541049391|8.121268190350596|7.974347031335551|6.397408865139776|6.2550037510394585|6.065703144935627|5.990310036475852|5.917789241416773|5.848978920529779|5.256955108892614|4.308527039694041|4.15281796395789|4.100685697404079|3.9813578462080894|3.9778728388270785|3.940080161662692|3.207519181503716|3.1436560489361405|3.1000526613092396|3.0186625994671843|2.328619889336148|2.305161260268873|2.299591121626099|1.9879180648052712|1.9874258181966966|1.9825332363136026|1.700915441913431|1.6270072749584124|1.4567092972089282|1.1398568294047198|1.1364019357505541|1.1119672692994005|0.5509452632809687,3|5|36|40|8|37|35|32|7|29|39|14|12|38|0|41|34|30|2|33|19|15|10|31|9|22|21|13|1|24|17|4|23,7,FALSE,12,37|36|3|40|35|5|8|39|19|1|9|13|31|21|10|24|17|32|38|29|7|34|4|0|33|20|12|2|23|14|41|27|30|6|25|11|18|16|15|22|26|28,5,FALSE,2
36,procedural,36,Step 1 ATLAS Score.pdf,19|15|5|36|22|3|9|40|8|1|10|31|21|37|24|13|17|4|14|23|11|12|20|39|27|29|32|7|38|35|41|34|0|33|26|28|30|18|2|6|16|25,4,TRUE,0.6389043691027017|0.6294379477118358|0.6274203110571133|0.6182459982854511|0.6180672277307665|0.617954001769052|0.617949631656724|0.6088451715989223|0.6058961443317632|0.6039519983484968|0.6028537485307655|0.5912576011654003|0.5889270509684583|0.5801286336113294|0.5750488705539752|0.5741048759349004|0.5675851033878218|0.3014664602963154|0.23701122498273514|0.22878554028664996|0.2207258345000151|0.2163791677475136|0.21240447154862238|0.20796044287165746|0.2068651680441216|0.18956313589621848|0.15180377553923724|0.15058770487552647|0.14166317244192028|0.13987707987575074|0.12725607746826642|0.1233503401061359|0.10171023970892248|0.10057421672407299|0.0856094949858624|0.08425474622891807|0.08328342181953244|0.082622983235689|0.08051643619681803|0.07628794241611768|0.05710571143582585|0.05664647899976636,35|36|37|39|3|34|32|20|38|14|2|40|30|19|7|29|11|0|4|24|33|12|27|21|6|41|8|5|13|1|9|17|31|25,2,TRUE,16.699854140998244|14.447944358393038|11.761380020191313|7.926061845510601|5.303201920144675|5.198951107774503|4.267778274165406|4.234771421573847|4.1950659042572935|3.5792500925502173|3.532185111098746|3.263079152842333|3.209358963049646|3.207519181503716|2.9919928762390136|2.849554929784831|2.535166961760603|2.4365937695665703|2.405147863358269|2.274324057915943|2.1775104418286313|2.0942357534100196|1.9825332363136026|1.902035700086896|1.700915441913431|1.5379412632797227|1.001073846895495|0.9929757052417257|0.9635000574513101|0.7203625509102908|0.716159722586901|0.6804310285328378|0.6550146430069418|0.5947175978503022,19|36|3|40|37|24|4|14|11|20|39|29|32|7|38|35|34|0|30|2|15|5|22|9|8|1|10|31|21|13|17|23,2,TRUE,2,36|37|3|19|40|35|5|21|24|9|8|1|31|13|17|39|4|14|20|34|32|29|11|38|12|27|7|41|0|33|2|30|6|25|10|15|16|18|22|23|26|28,1,TRUE,1
37,definition,37,Step 1 ATLAS Score.pdf,19|22|5|15|3|9|36|40|8|10|24|31|21|1|13|37|17|4|14|23|7|35|32|0|12|20|39|27|38|34|41|29|26|30|18|28|2|6|11|25|16|33,16,FALSE,0.608744842054194|0.5955664340913317|0.5953115572246755|0.5948381505579475|0.5905028052391876|0.5763876229394683|0.5712821631941284|0.5705380671597979|0.5602159246487723|0.558681564011622|0.5558069690915295|0.5517557819040936|0.5462829991758097|0.5451153339440095|0.5401371741356592|0.5189849299441912|0.5073746127017884|0.3153205774781074|0.24340782511728323|0.23052999834203072|0.22580914978788158|0.2253573304836817|0.21833071902650086|0.21779628887441504|0.20950347471455225|0.20844482682984306|0.18978082716603967|0.17980040806295106|0.14582917290801098|0.1386884690253842|0.12197795773145656|0.10161397595323274|0.08142443016093656|0.07833165278899892|0.07808126723871563|0.0780762650156522|0.07586679426363982|0.0723150654052947|0.06521009497463166|0.05434904962168614|0.05216447931345601|0.04981696802774158,39|0|37|29|3|7|32|35|8|40|1|14|6|12|2|41|13|38|5|30|34|20|9|21|10|31|4|25|36|27|19|16|23|33|24|18|17,3,TRUE,11.428978543133631|10.132589365582808|10.005938271726569|9.879626829365812|9.505664877914898|7.82662077600228|6.983800189183149|6.515229069795183|6.399762864639997|5.9078493726393795|5.495772351438653|5.387527089447363|4.625560853984946|4.363005498241661|4.003193721974091|3.682410531076373|3.352553834764217|2.964317870494009|2.8783584722517994|2.8328587010427|2.7346126797097337|2.484871652002994|2.383892938722339|2.3066569483449486|2.0181217199056842|1.6736052463292062|1.629920770870394|1.4378763399007868|1.365881095981075|1.2403942387498603|1.1985683824352875|1.1912499009022501|1.146988899178072|1.129010967048147|0.787780317365655|0.5509452632809687|0.5312087675963431,5|3|40|8|1|13|37|14|7|35|32|0|12|39|38|41|29|30|2|6|19|22|15|9|36|10|24|31|21|17|4|23,7,FALSE,9,37|3|8|40|1|39|0|5|13|9|19|36|31|10|21|7|29|24|35|32|17|14|12|4|20|6|41|38|23|34|2|27|30|33|25|18|16|11|15|22|26|28,1,TRUE,6
38,definition,38,Step 1 ATLAS Score.pdf,3|5|22|19|10|15|36|9|40|8|13|31|1|21|17|24|37|32|14|29|4|0|23|12|35|20|27|38|39|41|7|33|34|26|28|2|18|30|6|11|25|16,28,FALSE,0.5957849917700938|0.5940887938598025|0.5889115948829875|0.5871550790110733|0.5790614830806371|0.5784250851494189|0.577793975429538|0.5592165301432087|0.5554491358401938|0.5538189509527244|0.5410965120911613|0.5387679792339465|0.5359839737798251|0.5298650866320731|0.527869283102677|0.5258947041744879|0.5164171481865113|0.2347811486767975|0.22836936772812097|0.22369889020578781|0.22272109958452763|0.22189584521935626|0.22050552692853864|0.21965073419896516|0.2166116620144884|0.2151848599265365|0.17747665541909677|0.162064837337488|0.15660615381274434|0.1289924768286665|0.11797736100810538|0.11351223147016386|0.1010044132900584|0.07970823570603332|0.0773644230229158|0.07684419903455598|0.07670510602423954|0.07576689912651723|0.07243315404060971|0.06515730405912372|0.056213989987696104|0.05103300333091929,38|37|14|9|3|0|7|8|29|6|12|13|36|4|2|41|10|1|21|5|32|34,1,TRUE,8.987098692449344|6.678628131474725|4.988904343170502|4.8079054522806395|4.217154063453674|3.730195228973043|3.5577637391239616|3.2844979481225476|2.6370233135282612|2.1371954860208175|2.111786357423154|2.098828057100905|1.7730181019060403|1.5691925718558675|1.5447713144306983|1.44307833717234|1.1364019357505541|1.1297328895982868|1.1166268993802881|1.0913064855788965|1.011063138651891|1.0005530979129518,3|5|10|36|9|8|13|1|21|37|14|29|4|0|12|38|41|7|2|6|22|19|15|40|31|17|24|32,16,FALSE,12,37|3|9|8|13|38|36|5|10|1|21|14|0|29|12|4|7|32|41|6|2|34|11|15|16|17|18|19|20|22|23|24|25|26|27|28|30|31|33|35|39|40,6,FALSE,10
39,procedural,39,Step 1 ATLAS Score.pdf,15|19|36|3|22|5|10|9|8|31|1|40|21|37|13|17|24|4|39|14|27|11|35|20|32|0|29|33|23|41|7|12|34|38|26|18|2|30|28|6|25|16,19,FALSE,0.6880485579075527|0.6774341646476688|0.6755390295644398|0.6753671605583692|0.6662157532913797|0.6657681631009109|0.6643842288556939|0.6569430019456951|0.6453832641350123|0.6437267610268415|0.6425338147654511|0.6407603986000485|0.6405940057332578|0.6369750103851568|0.6362920182097215|0.6344296834451163|0.5949569609827547|0.2694207562085053|0.24791278024565372|0.21905473551072602|0.2186515089108712|0.21620126595758024|0.210201715922991|0.2092599671053725|0.20829389900560966|0.1952316398906152|0.19009753170317045|0.16852086355260404|0.16122402110675724|0.15456319499749765|0.12072150819585978|0.1184390162750698|0.1152171877339835|0.09705152501276376|0.08980625855931837|0.08904089986436584|0.08787089765731336|0.08721399864893425|0.08626470773604744|0.0817691660986652|0.0607353419000189|0.05890448968923296,39|3|0|1|29|40|8|6|37|5|19|7|20|28|14|35|9|32|13|12|38|16|23|33|30|21|36|2|27|4|15|18|11|41|34|10|25|31,1,TRUE,20.085478499534098|13.721751869965033|12.067830907157303|9.700550360097166|8.18829280712032|8.10363197803309|8.068324890233841|7.565151006756073|7.356365867369805|6.745082340421288|6.052406745369622|5.956875515527241|4.790032912271867|4.15419248399405|4.110118151923559|4.013381806094015|3.9148177714743113|3.726935291211383|3.713144131834295|3.449441963595945|3.3459485106603073|2.677556111445535|2.375611215872956|2.0062849523664283|1.9292968274374118|1.6869296890656171|1.5759034404237284|1.342352114291763|1.2403942387498603|1.2383160524812842|1.2039975811721604|1.1969730695161216|1.1372569430112482|1.1196660969520165|1.0005530979129518|0.8817197841551299|0.7236591463464723|0.7000225004732477,19|3|5|9|8|1|40|37|13|39|14|35|20|32|0|29|7|12|28|6|15|36|22|10|31|21|17|24|4,10,FALSE,9,3|1|39|37|8|40|5|19|9|15|13|36|21|10|31|0|29|14|35|20|32|6|7|4|27|11|23|28|33|12|38|41|30|16|18|34|2|25|17|22|24|26,3,TRUE,7
40,rhetorical / summary,40,Step 1 ATLAS Score.pdf,22|19|5|3|36|9|15|10|40|1|21|24|8|31|37|13|17|4|23|14|7|29|0|11|32|20|12|39|27|34|41|35|38|26|30|28|18|2|6|25|16|33,9,FALSE,0.6413627546101164|0.6390445918937256|0.6379118172007618|0.6342853734795724|0.630892259523007|0.6187147278336538|0.6156330843319539|0.6073379494928052|0.6042261633558403|0.5956412139280429|0.5930770830731649|0.587031000409877|0.5824653960521121|0.5765888052297987|0.5707278514401436|0.5689833824874125|0.5628880781527141|0.2864481652103752|0.23261265127103842|0.2294666737140455|0.2230727757728185|0.21189726007436588|0.20848739337269928|0.2066888658384854|0.20368866819071066|0.19955644139882397|0.198945367151971|0.1980917573484262|0.1929252439991245|0.1319471796781861|0.11732593036585111|0.1146564524396464|0.10772122993957987|0.0878867221676695|0.08561334361037558|0.08531176976456693|0.08222543284322953|0.08086244813607685|0.07819899051505386|0.05779646443294003|0.05484025712780378|0.0509792770931947,14|32|40|6|29|0|13|12|34|31|39|35|8|36|1|9|37|7|33|41|24|25|38|18|2|17|4|5|3|16|23,3,TRUE,5.387527089447363|5.261157457268031|4.383599299945341|2.606927118558121|2.301627315074458|2.2692349639878704|2.1801559914848303|2.05858221054787|1.7340595817967817|1.6736052463292062|1.4412093723398813|1.4355213022167121|1.4006465157479484|1.365881095981075|1.2681500745985372|1.260751276527904|1.2103153693394983|1.1978533010949597|1.129010967048147|1.1196660969520165|0.787780317365655|0.7142171935543146|0.5886637148162372|0.5509452632809687|0.5354714739501959|0.5312087675963431|0.3916047183891098|0.3782847900562539|0.3719589387899216|0.36785794624627677|0.3541901497740778,36|9|40|1|8|31|37|13|14|7|29|0|32|12|39|34|41|35|6|33|22|19|5|3|15|10|21|24|17|4|23,3,TRUE,6,40|13|36|9|31|1|8|14|37|32|5|3|24|17|29|0|12|7|39|4|34|6|35|23|41|33|38|18|2|25|16|10|11|15|19|20|21|22|26|27|28|30,1,TRUE,2
41,rhetorical / summary,41,Step 1 ATLAS Score.pdf,22|5|3|36|15|19|10|9|31|40|1|37|8|13|21|17|24|39|4|7|35|27|12|14|32|11|0|20|29|38|34|23|41|33|26|18|30|28|2|6|25|16,33,FALSE,0.6699247347956543|0.6652765647743879|0.6618286756917101|0.6570783018043331|0.6566752950919403|0.6547954311269046|0.6457381260089705|0.6374055167149005|0.6286463928297286|0.6286081048155493|0.624795669310825|0.6202459503582972|0.6178100196488912|0.6140365133214272|0.6132099543666711|0.6074908641994433|0.593645416095873|0.2327434722513791|0.22837021202620386|0.22305010667818925|0.2227213976325919|0.21703437702061745|0.21605383743203785|0.21240760956367719|0.2123430531024451|0.20417849457956808|0.2029504631026089|0.19895526929624205|0.19057014290167076|0.14741820053167323|0.1284565977571424|0.12662679014307215|0.12659741206275002|0.10227605317032994|0.09093638751134597|0.08763145943019417|0.0869567314440483|0.08555586734115105|0.0851895894589694|0.08162496684522887|0.06027463479286964|0.05696301090760833,32|14|31|40|6|13|11|12|39|29|0|8|41|7|37|5|3|34|4|25|35|36|1|9|20|19|16|23|33|10|24|38|18|2|17,13,FALSE,6.0456284655742305|5.387527089447363|4.844729113909236|4.383599299945341|3.845243171039405|3.352553834764217|3.294172272114598|3.2382185140236373|2.5803602008655897|2.301627315074458|2.2692349639878704|2.2570875596750364|2.239332193904033|2.025809526092473|1.9374976948995173|1.7870519866729027|1.7675630158831221|1.7340595817967817|1.629920770870394|1.4378763399007868|1.4355213022167121|1.365881095981075|1.2681500745985372|1.260751276527904|1.2231055326264975|1.1985683824352875|1.1912499009022501|1.146988899178072|1.129010967048147|0.8817197841551299|0.787780317365655|0.5886637148162372|0.5509452632809687|0.5354714739501959|0.5312087675963431,5|3|31|40|37|8|13|39|4|7|12|14|32|11|0|29|34|41|6|25|22|36|15|19|10|9|1|21|17|24,18,FALSE,15,31|40|13|8|5|37|3|36|9|1|19|32|10|14|24|17|12|11|39|0|7|29|6|35|4|41|34|20|33|23|38|25|16|18|2|15|21|22|26|27|28|30,26,FALSE,-8
